,문장,혐오 여부
0,지금 어디 계세요?,0
1,한국 시간에 시계 맞췄어?,0
2,햄버거 두 개랑 콜라 주세요.,0
3,우리는 밤새 춤추고 노래했다.,0
4,"무엇보다도, 스트레스를 줄이는 것이 중요합니다.",0
5,당장 시장가서 뻘겅색으로 사와서 보지답게 크게 W 로고 박고 입고다니겟노,1
6,세트로 판다 웃기노,1
7,이 수박 자르게 칼 좀 가져와라.,0
8,"후팔 뭔 소리노 의견을 내는게 당연한거노
자댕이는 얼마나 가스라이팅하고 후려치며 사는거노",1
9,미국 사람들은 젓가락 대신 포크를 사용한다.,0
10,ㅋㅋㅋㅋㅋㅋㅋㅋㅋㅋㅋㅋㅋㅋㅋㅋㅋㅋ,1
11,좋은 글 고맙다 이기 지칠때마다 보지에 6969번 새기겠노,1
12,좋지도 않지만 나쁘지도 않아.,0
13,"ㄴㅇㄱㄹㅇ
환경정말중요하다",1
14,할머니가 어젯밤 돌아가셨어요.,0
15,일을 더 복잡하게 만들지 마.,0
16,내 스웨터랑 어울리는 바지를 찾았다.,0
17,진정한 야망보지노 정상에서 보자,1
18,우리 관계도 이제 끝이야. ,0
19,어쩌다 다치셨어요?,0
20,여아살해사상 오져서 한남충들 우쭈쭈 하니까 그걸 같은 나이대 어자들한테도 그러는 거 같노 후팔 ㅋㅋ 우쭈쭈는 느그 으매가 하는거고 여자들한테 우쭈쭈 바라질 마라 군대 갔다와서 2년 날라간거 나랑 뭔 상관인뎈ㅋㅋㅋㅋ 언제 지들이 여성인권에 관심 가져준적있노 지들이 뭐 성폭행 당한 여성 때문에 들고일어나서 인도처럼 시위를 했어 뭘했어 관심 가져준적도 없으면서 지랄이노 후팔 것들이 지들 3초찍 할때나 밥먹을 때 여자 찾지 ㅋ 지들이 여성인권에 대해 뭐라도 해줬어야 여성들이 해주는거지 한국냄져들은 받기만 바란다니까 ㅋ 그럼 그러겠지 너네가 먼저 해주라고 ㅋㅋㅋㅋ 그래 후팔아 코르셋들이 그 증거물이야 나도 그딴 짓 했었고 그렇다고 느그들이 들고 일어난적 있었냐 존나 패션페미 하는 냄져들도 존나 소수야 ,1
21,내 시계는 5분 늦다.,0
22,수업은 오전 8시에 시작한다.,0
23,와인 좀 가져오세요. ,0
24,팔아놓고 개지랄이야 개수제한을 두던가 ㅋㅋ 심지어 주인도 아니면서 지랄발광이노,1
25,니가 화낼 이유가 없는 것 같은데.,0
26,그만 울어라.,0
27,닭이 먼저예요? 달걀이 먼저예요?,0
28,조현민 얼평몸평해서 부서이동당했다는 새끼들 면상좀 깠으면 좋겠노 지들이 뭘 잘했다고 자랑스럽게 말했는지?,1
29,앵나온다앵 광광 항상 고맙노이기,1
30,ㅇㅊ,1
31,처음 읽고 한동안 계속 이 글만 생각이 났노. 그래서 또 읽고 또 읽고 생각날때다 또 읽었노. 그러다 직접 일기장에 필사했노 그만큼 내겐 영향력이 컸노 진심으로 고맙노 글쓴아,1
32,하늘에 구름 한 점 없다.,0
33,윾쾌하노ㅋㅋㅋㅋㅋㅋㅋㅋㅋㅋㅋㅋㅋㅋㅋㅋㅋㅋㅋㅋㅋㅋㅋㅋㅋㅋㅋㅋㅋㅋㅋㅋㅋㅋ,1
34,주니어네이벜ㅋㅋㅋㅋㅋㅋㅋㅋㅋㅋㅋㅋ,1
35,본문 다받노 ,1
36,좆팔놈의 좆들 그냥 칼푹찍이 아니라 더 고통스럽게 죽여야되노 저 방법 그대로 써도 모자라노 ,1
37,대단하노 봊대장이노,1
38,아직 괜찮은 것 같은데. ,0
39,오늘 밤 텔레비전에서 뭐 해?,0
40,도움이 필요해요.,0
41,그분이 너를 아니?,0
42,ㅋㅋㅋㅋㅋㅋ봊친ㅋㅋㅋ봊나 똑똑하노!!!!ㅋㅋㅋㅋ일시키면 재기시킨다 행동으로 보여주노ㅋㅋㅋㅋ윾쾌한련ㅋㅋㅋㅋ,1
43,아...구려.. 얼굴터질거같노... 최여진 맞는말만했구먼 염병질 ㅡㅡ,1
44,저꿘 아직도 있었노? ㅋㅋㅋㅋㅋㅋㅋㅋㅋㅋㅋㅋㅋㅋㅋㅋㅋㅋㅋㅋ,1
45,저을대 유포하지않고 혼자 소장만 할거^솣^,1
46,아무도 밸런타인데이에 나한테 초콜릿을 안 줬어.,0
47,좆나 개 극혐 한남소추같노 후팔,1
48,자진해서 ㅎㅌㅊ 인생살겠다는데 안말린다 이기야,1
49,식사 후에 식탁을 치워주세요.,0
50,워추다 이기!,1
51,도와주세요!,0
52,어떤 샴푸 쓰세요?,0
53,여혐종자 탁현민 안 짜르는 이니는 페미니스트 머통령이지만 묵묵히 할일하시는 심머장님은 입페미지요? 꿘충 뒤져라,1
54,저는 맥주 마실래요.,0
55,"이래도 6남페미9 정치 뽀이 찾는 흉자들은 머가리가 꽃밭에 가있노ㅉㅉ. 한남들 을매나 신나겠노 백날 인터넷에서 6재기재기9 외쳐봤자 현실은 산송장들이 다 헤쳐먹노.
하지만 관잦들아 기억해라 좆국의 6메갈9 열풍은 멈출수없고, 이번 선거로 한남민국이 적나라하게 드러났노. 여자들은 더 쿵쾅거리기 시작할꺼노! 관잦 너부터 재기시킨다 익이!",1
56,워추춘다 받아라,1
57,길을 잃으신 것 같군요.,0
58,한국말 할 줄 아세요? ,0
59,펄-럭,1
60,삶이 단단한넌이노 넌 꼭 성공할꺼고 보지는 꼭 성공 할꺼다티리 읽으면서 정말 대단하다느꼇노 후일에 기대하겠노 정상에서 보자 이기,1
61,커엽고 봊멋이고 머모님 덕질할 맛 난다,1
62,여기서 멀지 않아.,0
63,그렇게 말하지 마.,0
64,노무 고생많노 고맙다!!!!!!!!!!,1
65,재앙이부터 시작하노. 근데 재앙이 얼굴형에 맞는 야동이 있을지 모르겠노 ㅋㅋ,1
66,웜추,1
67,부자가 되는 빠른 방법이 없을까?,0
68,글 다 받노. 말 부드럽게 하는 쿠션어 필요없고 할 말만 하면 된다. ,1
69,14탄웜련들 힘죠 !!,1
70,당신은 정말 아름다워요.,0
71,"sjeagi@womad.com
재밌는건 공유해라.",1
72,하버드 웜년들이 접수해붓놐ㅋㅋㅋㅋㅋ,1
73,ㅋㅋㅋㅋㅋㅋ봊나좋노ㅋㅋㅋㅋㅋㅋㅋ,1
74,킹근혜님이 호주제 폐지 하셧노 아기는 여자가 낳으니까 여자성씨 따르자 이니야,1
75,함께간다이기.,1
76,아기전사 유입 늘겠노 꿀팁 고맙다이니야 ^느^,1
77,아기가 자꾸 울어서 데리고 나왔어요. ,0
78,노무 좋다 이니야!!!!!!!!!! 다들 고맙다 이니!!!!!!,1
79,전화번호 좀 알려줄래?,0
80,이거 정말 재미있네!,0
81,한복은 보통 언제 입어요?,0
82,진정한 참지식인 아니노 ㅋㅋㅋㅋㅋㅋㅋㅋㅋ,1
83,그대로 내버려둬라.,0
84,택배보이가 배달해주는 물맛이 그리조아,1
85,파티에 같이 갈래요?,0
86,이 거리에는 차가 많다.,0
87,"몸은 여기 있어도, 마음은 다른 곳에 있구나.",0
88,길을 막고 거기 서 있지 마라.,0
89,부성애가 남다르노,1
90,꼬박꼬박시키노,1
91,ㅋㅋㅋㅋㅋㅋㅋㅋ역시 봊풍당당하게 사는 년들을 보면 참으로 흐뭇하노 ^느^ 나도 현생의 맡은 자리에서 보지가 빠지도록 냄져들 열심히 골탕먹이고 있노. 이 글을 보면서 더더욱 연구하고 분발해야겠다고 느꼈노. 고맙다이기,1
92,웜년씨앙년들 이 좋은걸 왜 하나하나 가르쳐주노,1
93,계좌기다리겠노 ,1
94,긴 방학 후에 학교생활에 적응하기 힘들다.,0
95,교실에는 남학생이 거의 없었어.,0
96,역시 여성이 다 해먹노. 공부꿘 멋있노,1
97,염세주의자였노 별명이 ㅋㅋㅋㅋ,1
98,이별 선물이야.,0
99,선생님 책상에 개구리를 넣은 사람은 나야.,0
100,워추,1
101,계속 코피가 나요.,0
102,"그 사건 이후, 그 배우는 인기가 떨어졌다.",0
103,좆국엔 여자가 없노? 후팔 장난하노,1
104,컵에 립스틱 자국이 남아 있었다.,0
105,좆팔 유충 새끼가 아직도 태어나고 있노. 싹-다 죽여야 하노,1
106,우와!? 저 선수는 서브가 아주 강한데!,0
107,그 사람은 교통사고를 당해서 목에 깁스를 했다.,0
108,;,1
109,받고 영화 킬빌 효과음 사용해도 좋노. 삐이-뽀오- 삐이-뽀오...빰!빠밤---,1
110,좆을까벌라. 지들이하면되지 .망치로불알을 탁탁 깨버려야됨,1
111,크 이 글 보고나니 혼자서도 잘 하는 내가 더욱 멋지노,1
112,"잘은 모르지만 예술 쪽에서도 남자한테만 특혜주고 난리인데 실제 실력은 여성이 더 뛰어나다고 하노. 건축물
같은 경우도 남자들이 만든건 디자인이나 예술 같은건 없고 그냥 직사각형 건물이나 만들면서 그게 예술적이라고 팔아주노.음악 쪽은 악기가 다 남자 몸에 맞춰줘있다고 하노. 솔직히 체육도 일부러 전세계적으로 여성은 남성을 이길 수 없다라고 세뇌시키고 있노. 만약 그런 거 없으면 여성이 더 우월한게 증명될거노. 여성이 남자보다 근지구력, 유연성, 근력, 체온조절 뛰어남. 남자가 여자보다 근력 세다는거 거짓이노",1
113,나중에 위에가서 한남들 동향 쫌 올려달라이기,1
114,그 사람은 항상 자기 얘기만 한다.,0
115,언제 만날까?,0
116,"차례를 지키면, 곧 니 차례가 올 거야.",0
117,후팔 한남민국이노 탈조하고마노 ,1
118,젓가락으로 국수를 집을 수 있어요?,0
119,아씨 빨리 안하면 9999990 다차겠노 후팔,1
120,잘만들었노 핵심만 뽑아서 머리에 쏙쏙 박힌다 이기,1
121,슬퍼서 우는 게 아니라 기뻐서 우는 거예요.,0
122,"한남들아 더 빡대갈 힘조라
니들이 수고해준덕에 소원대로 한국여자들 다 메갈된다이기ㅋㄱㄱㄱㄱㄱ",1
123,니 칫솔을 썼더니 기분이 이상해.,0
124,어젯밤부터 가슴이 아파요.,0
125,우선 동생한데 물어봐야 해요.,0
126,나 내년에 결혼할 거야.,0
127,램프가 너무 밝아서 눈이 아파요.,0
128,그 남자 결혼식은 어디에서 하죠?,0
129,ㅇㅊㅇㅊ!,1
130,크 머장님 존경합니다......,1
131,진심으로 죽이고싶노. 죽었으면 좋겠다 이기야. 이게 국가노? 법이노? 법무부 할배자댕이들 싸그리 모타다 고문6969번 한 뒤 태워서 박멸해야한다 이기야. ,1
132,구두 닦아주세요.,0
133,내 여자 친구는 나보다 네 살 어린 대학생이야.,0
134,회사가 지난해 망했어. ,0
135,그 이야기는 더 이상 하고 싶지 않아요. ,0
136,나는 한복이 불편해서 한복 입는 것을 별로 좋아하지 않는다.,0
137,ㅋㅋㅋㅋㅋㅋㅋㅋㅋㅋㅋㅋㅋㅋㅋㅋㅋㅋㅋㅋㅋㅋㅋㅋㅋㅋㅋㅋㅋㅋㅋ아 워친년 봊나 웃기노ㅋㅋㅋㅋㅋㅋ한남패기에 참머학아니노,1
138,ㄹㅇ 나년도 빨간약먹고 나이잊고 꾸러기 활력보지됐다이기야 보지들 무력감은 전부 한남민국 후려치기때문이다. 와중에 예시에 잼뭐노 ㅋㅋㅋㅋㅋㅋㅋㅋㅋㅋ한남충 후잼깨꿀 ㅋㅋㅋㅋㅋㅋ,1
139,으 뭐노 ,1
140,국정원 어디갔노 서버비도 안내주고 조팔,1
141,나는 니가 실수로 물에 빠질까봐 걱정돼.,0
142,틀린 번호로 거셨어요.,0
143,인터넷에서 사는 게 가게에서 사는 것보다 더 싸.,0
144,https://youtu.be/XtMWEfZGVWk,1
145,펄-럭,1
146,나는 부모님으로부터 많은 재산을 물려받았다.,0
147,남희석 닮았노,1
148,여기 잠깐 계세요.,0
149,노란 장미보다 붉은 장미가 마음에 들어요. ,0
150,본문이랑 200멋글 ㅇㄱㄹㅇ ㅇㄱㅆㄹㅇ,1
151,머모님 봊멋입니다. 본받겠노 그럼 그새끼 고자됏노? ㅋㅋㅋㅋㅋㅋㅋㅋㅋㅋㅋㅋㅋㅋㅋ깔깔깔,1
152,남리남리 천조각이 아닌 패션을 아는 분이시노 옷에서부터도 대장님의 기개가 흘러넘친다이기,1
153,저는 오전 9시부터 오후 6시까지 일해요.,0
154,ㄹㅇ달라졌노,1
155,대통령은 그 문제에 대해 아무 말도 하지 않았다.,0
156,ㅋㅋㅋㅋㅋㅋㅋㅋㅋㅌㅋㅋ봊터지노,1
157,이 노란색 모자는 너와 잘 어울린다.,0
158,머리 좆나 띵하노. 봊나 논리적인 관점이다 이기,1
159,응~ 느개비ㅋㅋㅋㅋㅋ 망혼은 무슨 한남짭추 양남 핑좆되는 소리하고 앉아있네 탈조할꺼노 븅신짭추새끼들아ㅋㅋㅋ 니들끼리 후장칙칙폭폭하다가 망해라이기야ㅋㅋㅋㅋㅋ,1
160,복습하러 왔노 대장님은 아묻따 워추노,1
161,많이 변했네.,0
162,저기 있는 여자 보여?,0
163,박쥐들은 낮에 잠을 잔다.,0
164,사용한 후에 물건들을 돌려줘.,0
165,같이 합시다.,0
166,결혼하고 나서 자유를 잃었다고 생각하세요?,0
167,나는 이 신발을 3만 원에 샀다.,0
168,재기재기글보고 왔는데 대웃챙이노ㅋㅋㅋㄱ,1
169,무대 옆에 서 있는 사람이 그 여자야.,0
170,부모님께 용돈은 드리세요?,0
171,재기 재기ㅋㅋㅋㅋㅋㅋ웃챙이노ㅋㅋㅋ,1
172,펄-럭,1
173,와 미쳣노 ㅋㅋㅋㅋㅋㅋㅋㅋ 머한민국 찌질 클라스....,1
174,"중급식때 133, 3% 이내였는데 무슨 식인지 몰랐노 학교에서는 주로 웩슬러식이노?",1
175,요즘은 취직하기가 너무 힘들어. ,0
176,손님은 왕이다.,0
177,ㅋㅋㅋㅋㅋㅋㅋㅋㅋㅋㅋ 웜영업 힘죠!,1
178,모금열어달라 광광 응원하고 연대하겠노 뭐라도하고싶다이기,1
179,수고많았다 창조웜들아 내 인생의 낙 만들어줘서 고맙다 이기야,1
180,한강은 한국에서 가장 큰 강이다.,0
181,얼른 대답해요.,0
182,우리 반은 남학생보다 여학생이 많아. ,0
183,ㅋㄱㅋㅋㅈㅋㅋㅋㅋㅋㅋㅋㅋ,1
184,화장은 하는 것보다 지우는 것이 더 중요하다.,0
185,이런 일 해보셨어요? ,0
186,띵문이노 스크랩한다 이기,1
187,보지에게 나라는 없다이기,1
188,영자가 열일해서 사이트 유지관리 해왔는데 이대로 다음으로 돌아갈 순 없다이니야!!!! 영자 안전만 보장되면 페이팔 하고싶노,1
189,시내에서 엄마랑 점심 먹을 거야.,0
190,저거 다 인터넷하다가 덧글로 실제로 본 말들이라 이기야 하이퍼리얼리즘 지리노 저놈들 말대로 코르셋조이고 노예로살뻔했는데 메갈이 날 살렸노 까딱하면 골로 갈 뻔했다 이기야,1
191,커피를 마시면 밤에 잠이 안 와요.,0
192,그는 칭찬을 받을 만하다.,0
193,머장님 데뷔길만 걸으시길 바랍니다!!!,1
194,아! 내가 워념 보냈다아악!,1
195,작별 인사를 해야 할 시간이야.,0
196,불이 났나 봐.,0
197,"집에 돌아왔을 때, 남편은 소파를 청소하고 있었다.",0
198,ㅋㅋㅋㅋㅋㅋㅋㅋㅋㅋㅋㅋㅋㅋㅋㅋㅋㅋ,1
199,웜련들 비비탄 힘조!!!,1
200,다음 비행기는 언제 있어요?,0
201,봊띵문 퍄퍄퍄,1
202,책 빌려줘서 고마워.,0
203,글리젠힘조~~~~~~~~~~~~~,1
204,유료회원만 볼 수 있는 댓글입니다.,1
205,좆국 개좆병신새끼들 역겨워서 토나오노 모금할거노,1
206,9평이네 살림 좀 나아지고싶어서 발악했었나보노,1
207,살가죽 늘어진가 극혐이노,1
208,직접 얘기해 보시지 그래요? ,0
209,흰색이 니 까만 피부랑 잘 어울려.,0
210,집에서 음악 많이 들으세요? ,0
211,아따 주사기꿘 왔는가 약본좌로 올라가라 이기야. 먹이는 한남충 상태도 소상히 보고해달라 이기,1
212,이번 달에는 언제 보름달을 볼 수 있어요?,0
213,우리나라에서는 태어나면 바로 한 살이에요. ,0
214,영어 공부 어떻게 하셨어요? ,0
215,인터넷으로 닭고기 스프 요리법 좀 찾아봐.,0
216,어디로 소풍 가고 싶어?,0
217,몇 시야? - 3시 40분.,0
218,여권 좀 보여주시겠어요?,0
219,내 아내는 내가 꿈꾸던 바로 그 사람이다.,0
220,양아치 정29현 해줫노 성님 잘했습니다!,1
221,말빨 미쳤놐ㅋㅋㅋㅋㅋㅋㅋㅋㅋㅋㅋㅋㅋㅋㅋㅋㅋㅋ너련은 뭘해도 될년이놐ㅋㅋㅋㅋㅋㅋㅋㅋㅋㅋㅋㅋㅋㅋㅋㅋㅋㅋㅋㅋ,1
222,뭐 샀니?,0
223,와 노무 사이다라 스크랩함ㅋㅋㅋ (물론 꿀팁많아서 스크랩한것도 있지만) 너련 진짜 크게 될 보지노 후팔ㅋㅋ 멋있노,1
224,요즘 몸은 좀 어때?,0
225,그 축구 경기는 무승부로 끝났어.,0
226,산은 내려오는 것이 더 어렵다.,0
227,서둘러. 우리 늦겠다.,0
228,시원하놐ㅋㅋㅋㅋ,1
229,채소에 소금을 뿌려라.,0
230,보토피아 힘조,1
231,너무 비싸지 않아?? 더 싼 걸 찾아봐.,0
232,한번 거기에서 벗어나면 나머지는 그냥 얻는거다. 나도 주변 시선 다 뿌리치고 그만뒀고 지금은 봊나 편하게 살고 있노 ,1
233,화장실에 사람이 있어요. ,0
234,그녀는 차 사고로 부모님을 잃었다.,0
235,내 목소리 잘 들려요?,0
236,안전벨트 풀어도 돼요?,0
237,그 호텔은 최고의 서비스로 알려져 있다.,0
238,이분 진짜 멋지시노 나련도 이분 가치를 늦게알았지만 알면 알수록 본받을 점이 끝도없이나온다익이,1
239,인간관계에 집착하지 말자,1
240,아예 상시모금하면 안되노??여유날때마다 푼돈이나마 넣겠노,1
241,이 버스가 플라자 호텔 지나가나요?,0
242,워추노,1
243,외모만은 자지한테 양보해 준다니까? 예쁘고 멍청하고 돈없는 자지 사회에서 멸종당하기 직전에 보지가 구원해줬으니 보지분이 마음이 넓고 풍채가 좋으시구나 하겠노 ㅋㅋ,1
244,이 건물 뒤에 있습니다. ,0
245,그 사람은 가게를 구경만 하고 있었다.,0
246,"교황을 찾아가 암살시도를 하든, 십자가 목을 부러뜨리든, 성상을 부수든, 성당에 불을 지르든, 성경을 불태우든, 차라리 그러지 그랬어...
그러면 '성체'를 건드린 것보다는 훨씬 사정이 나았을 텐데..
뭐, 글쓴이를 제외하고 다른 워마드들은 '그게 무슨 차이야?' 라고 뭔 말 하는지 모르겠지만 ㅋㅋㅋㅋ 아니, 글쓴이도 뭔 뜻인지 모를려나?ㅋㅋㅋ",1
247,외모는 지능과 신체능력과 마찬가지로 인간이 겉으로 드러낼수 있는 자신의 3대 우월함중 하나이다. 그래서 유전공학 인간강화 디자이너베이비 연구하는 사람들도 인간이 어떻게하면 더 똑똑해지고 더 강해지고 더 아름다워질수 있는지 그 3가지를 중점으로 연구한단다? 그 외에는 딱히 인간의 스펙이랄게 없거든. 사실 인간이 그거 말고 뭐있음? 힘 외모 지능 그거 말고 더 있음? ,1
248,내 자동차 열쇠를 잃어버렸어. ,0
249,"앵나오게 멋있는 년이노 같이 정상에서 만나자 이기
그리고 야간학교라고 비문해자들이나 검시정도 무료로 가르쳐 주는곳도 많으니 그것도 찾아보라이기 ",1
250,지들 의견이 사회적 의견의 하나가 될 텐데 이새끼들은 지 의견이 낙태죄 유지인 건 인정은 하노?,1
251,"맞는말이노. 햇님 생각해보면 딱 답이 나온다. 햇님보고 6소통이 부족하다9, ^친화력^부족하다고 정치뽀이들이 앵나 자들거리지 않았노. 지도자가 지깟것들이랑 친목따위는 왜 쳐하노? 지들 뜻대로 좆스플레인 하겠다는게 햇님에겐 씨알도 안먹히니까 6소통9 안한다고 부랄쳐떨었는데 원래 지도자는 뚝심있게 외길 걷는거노. ",1
252,슈퍼마켓 가는 중이야. 뭐 필요한 거 있어? ,0
253,한국에서는 빨간색이 죽음을 의미해.,0
254,당장 물 사러 가노 6969개 주문 가야겠노 안그래도 생수 떨어졌다 이기야 고맙노 앞으로는 절대 집앞 편의점에서 안 사겠노 껄레껄레,1
255,혜안의 눈은 정말 커다랗다.,0
256,어제 학교 갔었니? - 네.,0
257,거울을 보세요.,0
258,어느 쪽이 남쪽이야?,0
259,수건 가져왔니?,0
260,ㅋㅋㅋㅋㅋㅋㅋㅋㅋㅋㅌㅌㅌㅋㅋㅋㅋ꼬추는 아동용인거 ㅇㅈ하는 각이구연^느^ 뮤서워서 오줌 질찔 쌌구연~ 앵나온다 앵!!!!! ,1
261,우리 회사에는 일하는 사람이 적다.,0
262,경치가 정말 아름다워요.,0
263,세상이 지난 10년 동안 아주 많이 달라졌다.,0
264,한남들은 남정치인이 저렇게 많은데 아직도 한남 소리만 하면 66남성 혐오 하지 마세요99 라고 빼애액 거렸노?,1
265,모든 직원들이 다 알아요.,0
266,너 같은 좆자지 새끼한테는 웃기겠지.,1
267,dzx,1
268,인터넷에서 영화를 볼 때 어떤 사이트를 이용하세요?,0
269,나도 조국가면 꼭 써먹겠노ㅋㅋㅋ,1
270,ㅇㄱㄹㅇ이노. 그래서 나련이 양국의 저런 페미니즘 문구가 크게 와닿질 않았던거노. ,1
271,이 우유 상한 거 같아요.,0
272,40대 중반도 웜합니다 성님 봊대로 사십쇼 성님의 인생을 응원합니다 시간되시면 이것도 보세요 제이폰다의 인생의 3막이란 내용인데좋습니다 https://www.ted.com/talks/jane_fonda_life_s_third_act?language=ko#t-105794,1
273,달력을 한 장 넘겼다.,0
274,정리꿘은 워추노,1
275,와꾸 자체는 동남아가 낫다는 글쓴이 말 진짜 맞노. 동남아남들은 이목구비 또렸하노,1
276,와 설마 좆팔 저걸 성체라고 욕하는거? 난 진짜 무슨 교회에서 십자가박혀서 앵흘리고 있는 예수 조각상 불태운줗알았네. 밀가루 태운걸로 천주교든 뭐든 온나라가 뒤흔들리냐? 병신좆국. ,1
277,음식 종류가 너무 많아서 무엇을 먼저 먹어야할지 정할 수가 없다.,0
278,펄-럭,1
279,공감하노. 주의하겠다 이기야,1
280,내일도 날씨가 좋았으면 좋겠는데.,0
281,헉 신기하다. 애가 표정이나 눈코가 되게 엄마 닮음 ㅋㅋㅋ 근데 금발.. 땡긴다,1
282,한국남자는 고추가 아프면 비뇨기과가 아니라 피부과에 방문해야 한다. ,1
283,갑자기 날씨가 추워지고 있어.,0
284,학생 할인이 됩니까?,0
285,집까지 태워다 줄게. ,0
286,크린한 보지국에서 살게해주세요. 최종합격하게해주세요. 보-멘.,1
287,저 택시는 왜 그냥 가는 거죠? ,0
288,"383 그건 노무 유충을 과대평가한거노 ㅋㅋ
지금 보니 글에 잘 설명을 안 해놓긴 했는데 유충 새끼들 6군대 힘들자나욧! 앵앵!9이라고 말하는 이유는
코리안 워킹 홀리데이 가보지도 않았으면서 벌써 유세 떨려고 저부랄떠는거노 ㅋㅋㅋㅋ
군대에 대한 두려움에 대해 6공감9받고 부둥부둥 받고 싶어서.
저 말 들으면 유충들은 6공감9 못 받았다고 앵앵앵 징징대고 집에가서 스마트폰 게임하고 유투브로 보겸.신태일 볼 생각 밖에 없노.",1
289,"거르고 쳐내고 싶은데, 주변에 야망보지가 많이 없는게 탈이노. 야망보지 받을 준비는 되어있는데 왜 흉자만 넘처나노? ",1
290,사회생활 시작하고 이 글을 다시 보니 ㄹㅇ 팩트 그자체노,1
291,뭐 때문에 싸우는 거야?,0
292,유료회원만 볼 수 있는 댓글입니다.,1
293,여기에 도장을 찍으세요.,0
294,3번이 맞다.,0
295,대놓고 티내는거 좋다이기재기,1
296,봊나멋있놐ㅋㅋㅋㅋㅋㅋㅋㅋㅋㅋㅋ역시 보지들이 한남민국에 있기엔 노무 아깝다 이기야ㅋㅋㅋㅋㅋㅋㅋㅋ,1
297,뜨거운 물 좀 주세요.,0
298,"이번에 약속 어기면, 너 다시는 안 볼 거야.",0
299,퍄퍄777,1
300,거기에서 보자.,0
301,이 오렌지 신선한 건가요? ,0
302,ㅑㅑㅑ,1
303,할머니가 병원에 계셔.,0
304,기품있으시고 명랑하시고 활기차시고 멋지시고 여자다우시다 봊나 멋지노,1
305,뒈짓 감사하노 어떻게 사이트가 굴러갈지는 모르겠지만 지금껏 운영해줘서 진심으로 고맙노 ,1
306,괜찮아요.,0
307,나는 갑자기 가슴에 심한 통증을 느꼈다.,0
308,이 한자는 무슨 뜻이에요?,0
309,고기 몇 마리 잡았어?,0
310,커피? 아니면 차?,0
311,꼴린다 이기,1
312,아직도 정신 못 차리는 흉자년들아 봐라 ,1
313,저쪽 구석에 놓으세요. ,0
314,뭐 하나 물어봐도 돼?,0
315,부모님은 내가 의사가 되길 바라셨죠.,0
316,"서양은 남자가 여자 구한 얘기 뿐인데, 좆국은 여자가 남자를 구하노. 그런데도 모든 명예와 권력은 한남한테 다 쏠려 있노. 좆팔 ㅋㅋ 뭐 이딴 나라가 있노. 좆국은 빨리 망해야 하노.",1
317,우리가 상대하는 게 정상적인 방법을 쓰지 않으니까 우리도 정상적인 방법으로 상대하면 승산이 없다. 똑같이 밀어붙여야지.,1
318,제1차 세계 대전,0
319,재기하노? 인증샷찍고가라 아들치게,1
320,토마토는 과일입니까? 아니면 채소입니까?,0
321,그게 바로 아빠가 사랑을 표현하는 방식이에요.,0
322,나 싸패년이라서 여자끼리 보돕보 그런거 없고 보지든 자지든 내가 좆같으면 좆같아하는 나만 보고사는 년인데 내가 싫어하는 보지 망혼하길 바라노 코르셋 업업하고 주변 국산남들이 치켜세워줄때마다 외모강박 심해지는거 보면서 속으로 노무딱 즐겼노,1
323,햇님께서 적십자회장자리도 주시기 않았노 슬픈건 햇님캠프에 들어갔다니까 한국내 매출도 줄고 MCM사내에서도 머모님 욕 많이 먹었다 카더라ㅠㅠ,1
324,남편은 딸을 갖고 싶어해요.,0
325,오늘 날짜가 어떻게 되죠?,0
326,관리자 너무 고생하노 이기,1
327,감히 좆 국산남 하찮은 창남 개놈들 주제에 담배 꼬나물고 뻑뻑 피워대는 꼬라지 쳐죽이고싶노,1
328,"자수해 뒤에 숨어서 뭐하는거노
빨딱 자수해라 ",1
329,SM플??ㅋㅋㅋㅋㅋㅋㅋㅋ와 대박이네진짜 ㅋㅋㅋㅋㅋㄱㅋㅋ,1
330,후팔 웜버드노 ㅋㅋㅋㅋㅋㅋㅋㅋ 이년들아 노네가 미국 다 먹어라 이기 ^오^,1
331,두사 라고싶은 거 다 해~~♡,1
332,"다음에 ""못생긴 남자들이 자격지심에 성격도 나쁘더라고요""도 추가해 줘라 ㅋ",1
333,어떤 사람을 좋아하세요?라고 어떤 사람이 물었다.,0
334,올해 채소 값이 올랐다.,0
335,아니 평생 쓸모도 없는 좆대가리 좀 없앤게 무슨 죄라고? ,1
336,"좆팔ㅋㅋㅋㅋㅋㅋㅋㅋㅋㅋㅋㅋㅋㅋㅋㅋㅋㅋ닉네임 터졌놐ㅋㅋㅋㅋㅋㅋㅋㅋㅋ
",1
337,여기가 우리 선생님 댁이야.,0
338,캬 갓치노 감탄하고가노ㅋㅋㅋㅋㅋ,1
339,대중교통을 이용하는 게 좋을 거야.,0
340,펄-럭,1
341,정보꿘은 워추노.,1
342,주머니에 손을 넣지 마라.,0
343,제 소개를 하겠습니다.,0
344,앱충들은 육아에서 손 떼고 양육비랑 생활비만 6.9배 더 붙여줘야 하노 그게 더 이롭다 이기야,1
345,워친년앜ㅋㅋㅋㅋ 예시퀄리티보솤ㅋㅋㅋㅋㅋㅋ 창의력봊멋터진다이기야,1
346,한남은 공부를 시킬필요가없다이기 너무 세금을 아무데나 낭비하고있노 육병기가 공부할필요가 어데있노?,1
347,사전은 대출이 안 됩니다.,0
348,후팔 흑좆나 웃겨서 앵 흘렸노 깔깔깔 보지가 남형제 좀 괴롭히고 그럴 수도 있는 거 아니노 불알까지 터뜨렸으면 오히려 세상에 기여한 거다 이기야 싸대기 너무했노,1
349,실례지만 제가 창문 쪽 자리인 것 같은데요. ,0
350,재기절이다 이기야!,1
351,ㅇㅊ,1
352,07 성재희♡ 나다이년들아ㅋㅋㅋ,1
353,우리 아이들은 목욕하는 걸 좋아해.,0
354,이건 널 위한 작은 선물이야.,0
355,그녀는 넓은 집에서 살고 싶어한다.,0
356,어렵고 위험할 것 같은데.,0
357,여기 하트날리는년들 왜케많노진짴ㅋㅋㅋ십사탄보지련들어대갔노,1
358,봊간지노 다른년들도 학력인증 얼른얼른해라이니야 니여친 니엄마 니누나 니여사친 니썸녀 다 웜년이노,1
359,몇 학년이야? - 1학년이에요.,0
360,민기민기하노 ㅋㅋㅋㅋㅋㅋㅋ,1
361,아니 조팔 어떻게 저런 쓰레기를 출소시킨단말이노 이기이기 돌았노,1
362,"올리지 말아야 되는글을 관리자가 다 어떠케 막겠노 어이...
서버가 국내면 없어 경찰 개입해서 글 올린 놈들 다 잡을수가 이깼노 ...어이
해외에 잇으이 방조죄로 작살내려하는기라...
범죄중 방조 도주에 가담한다고 울가삐면 빼박인기..죄값도 무겁노..
노력은 어이 글 쓴넘을 잡는데 적극 동참해야 되는기야 어이
참고해란기야...
알았노~~~
니가 고생 많노...",1
363,ㄹㅇ 흉자가 아무리 자지짓해도 그 자리에 있다는 상징성이 ^남페미^의 부릴딸랑임을 상회한다,1
364,봊간지 장난아니다,1
365,김승재 왜사니? ㅋㅋㅋㅋㅋㅋㅋㅋ,1
366,ㅋㅋ,1
367,별거아닌거같은데 은근 꿀팁이노 이기,1
368,그것 재미있겠다.,0
369,또보러왔노. '독한년이다'라고 비웃음거리가 될만큼 추하게 공부하고 먼 훗날 그 누구보다 평온한 마음으로 밑을 내려다보겠노. 글써줘서 고맙다 이기야,1
370,누군가가 쓰레기를 버렸다.,0
371,내얘기노 워추노,1
372,책상 위에 두세요.,0
373,알만하노ㅋㅋ 쳐맞은거 보지한테 푸는 종특어디안간다 이기,1
374,형과 나는 서로를 잘 모른다.,0
375,이 물건들을 가방에 담아.,0
376,우리 전에 만난 적 있나요?,0
377,너 오늘 우울해 보여.,0
378,인정이노. 예쁘다고 냄져가 주는것은 똥찌끄레기,1
379,몇 층이나 올라가야 해요?,0
380,잘 찾아봐라.,0
381,아시겠어요?^^7 퍄퍄 보르가즘,1
382,그녀는 미국에서 아이를 낳았다.,0
383,괜찮아. 그 사람 멀리 있어서 내 말 못 들을 거야.,0
384,웜이 하버드 다먹어뿟노 ㅋㅋㅋ,1
385,내가 샌드위치 가져갈게.,0
386,그녀는 못생겼지만 정말 친절하다.,0
387,"실력 제일 좋은 변호사로 불러야하노 ^노^
끝까지 응원한다 이기야 ",1
388,우리 지난주에 얘기하지 않았나요?,0
389,진작 말씀하시지 그러셨어요.,0
390,우리 집 근처에 작은 강이 흘러요.,0
391,언니가 있었으면 좋았을 텐데.,0
392,가을에는 책을 읽기 좋다.,0
393,ㅋㅋㅋ,1
394,제가 나이보다 어려보인다는 소리 많이 들어요.,0
395,이 방이 깨끗하다고 생각해?,0
396,그 가게는 열 시에 문을 연다.,0
397,예전 대통령들 중에서 제일 좋아하는 사람은 누구야?,0
398,지가 뭔데 개좆팔새끼가 가브리엘 샤넬 이름에 먹칠을 하노 샤넬을 소비하는게 누군데 정신 못 차리고 김치남짓하노?,1
399,해가 바뀌어도 변함없이 해는 뜬다.,0
400,내가 없는 동안 잘 지내.,0
401,아니 저기 비릿한 기름냄새 빨간색으로 써서 강조까지 해줬는데 왜 부랄이노?? 저기 댓글만 보면 걍 내가 공기청정기 트는꼴 보기 싫으니까 틀지 마라 이렇게 적어놓은 줄 알겠노,1
402,한남충 개새끼 진짜 염병지랄을 하노 ㅋㅋㅋㅋㅋㅋㅋㅋㅋ 확 대가리 깨버린다마 씹새끼가 어딜깝쳐,1
403,ㅋㅋㅋㅋㅋㅋㅋ워친ㅋㅋㅋㅋㅋ ,1
404,공원에서 오른쪽으로 도세요.,0
405,"좀 더 줄까? - 아니, 배불러.",0
406,그녀는 아름다운 목소리를 가지고 있다.,0
407,"아차, 깜박 잊어버렸어. ",0
408,봊나 멋있노 인증은 워추다 이기야,1
409,노무딱맞는얘기노 띵문은 워추준다이기야 ,1
410,말하고 글 중에 어느 것이 더 중요한가요?,0
411,올해는 담배를 끊기로 결심했어요.,0
412,부산은 해산물로 유명하다. ,0
413,퍄퍄 상하나 줘라 ,1
414,오랜만이네! 그동안 어떻게 지냈어? ,0
415,배현진 머장님이 대통령인 나라에서 살고싶노,1
416,어느 커플이 서로를 사랑스럽게 바라보고 있었다.,0
417,설현님 가는길이 돈길이다 이기,1
418,워친ㅋㅋㅋㅋㅋㅋㅋㅋㅋㅋㅋ 장원급제감이놐ㅋㅋㅋㅋㅋㅋㅋㅋㅋㅋ,1
419,보통 몇 시에 주무세요?,0
420,시간이랑 장소는 정했어?,0
421,창문 좀 닫아라.,0
422,봊치고 감탄,1
423,"워마드 운영자 분석력 봊오지노 여자답고 노무 멋지다 이기야
운영자 당연히 무죄노
혼자 싸우게는 안할거다 이기야 싸움이 길어져도 끝까지 함께할거노.
",1
424,어떤 계절을 제일 좋아하세요?,0
425,자집애들 소추좀 쟀다고 유난스러운건 알아줘야하노,1
426,가능하다면 내일 오세요.,0
427,봊간지노ㅋㅋㅋㅋㅋ 나도 힘주겠노,1
428,그 모임 참석할 거야?,0
429,사람들 앞에서 웃으려고 노력했다.,0
430,겨울이 가고 봄이 오고 있다.,0
431,펄-럭,1
432,읽다가 앵나왔노 덤덤하게 말하는데 너가 참아오고 견뎌온 시간들이 쿡쿡찌르는 느낌이었노. 살아줘서 고맙노. 그리고 영어는 drop이랑 elsa english 추천하노. 드롭은 영어단어 그림+소리로 배우는거고 엘사 잉글리시는 발음 연습하는 앱이노.,1
433,아마 이를 빼야 할 거야.,0
434,나는 그에게 그 일을 어서 끝내라고 말했다.,0
435,대인이노,1
436,좋은 경험이 될 거야. ,0
437,그들은 5학년 때 같은 반이었다.,0
438,아버지는 무슨 일을 하시니?,0
439,누군가가 내 발을 밟았다.,0
440,봊나 유익한 팁 고맙노. 1번 특히 공감한다익이,1
441,"앗, 내 열쇠 사무실에 놓아두고 왔어!",0
442,옷을 옷걸이에 걸어라.,0
443,"ㅋㅋ 좆초들이 퍼가서 ^페미의 실체^ 이부랄할게 뻔히 보인다. 하지만 꼬추들아 니들도 뇌가 있으면 생각해봐라 사랑이란 세뇌로 여자들 아가리 닥치게 하는게 결혼제도 아닌지, 여자의 출산능력이 ^모성애^ 라는 강요된 희생보다 더 나은 평가를 받아야할 때가 된건 아닌지, 인간은 왜 여자 몸 갈아 임신하고 출산하여 씨를 잇고 가정을 꾸리는 것을 미덕으로 여기는지, 그게 다 누구 좋으라고 하는 짓인지..",1
444,나는 생선과 채소만 먹어요.,0
445,난 자질 갖춘 남자 가슴과 하체가 풍족한 남자라고 하노ㅋ 남자새끼들 재미대가리도 없는데 가슴얘기한다고 마음이 이쁜 이지랄하는거 미러링하기 좋노,1
446,다쳤어? 이 약 먹어.,0
447,배에서 배를 먹었더니 배가 아파요.,0
448,그 사람이 나를 모르는 게 분명했다.,0
449,멋지다 이기,1
450,"길을 잃어서, 우리는 왔던 길로 돌아가야 했다.",0
451,경찰이 그 사건을 조사하고 있어요.,0
452,나는 그녀의 갑작스러운 죽음에 놀랐다.,0
453,뭐가됐든 모금은 적극적으로 참여하겠다이기 뒈짖 항상 고맙다,1
454,여기에 이름을 적어주세요.,0
455,요즘 남충이랑 싸우면 참교육 시켜주고 헤어지는 썰도 많지 않노. 바뀌긴 많이 바뀐 것 같노. ,1
456,응디 비비는 거 봐라 ㅉㅉ ,1
457,한국에는 군인이 몇 명이나 있습니까?,0
458,씨이발 오늘 나이많은 한남충새끼한테 훈수질당했다고 내 의견을 축소하고있었노 씨이발 띵띵문이다 이기 좆팔,1
459,어제 산을 내려오다 발을 삐었어요.,0
460,보지갈아 만든 나라.... ㄹㅇ이노,1
461,그 사람들 손을 잡고 걷고 있었어. 사귀는 게 분명해.,0
462,여보세요? 혜안이 있어요?,0
463,저새끼 쌀국보수들 중 트럼프 싫어하는 놈들한테 자적자 당해서 망한지가 언젠데ㅉㅉ 역시 자지들 아니랄까봐 한남들 시세 못 읽는건 알아줘야 하노,1
464,ㄱㅆ 첫댓련보고 덧붙이면 한남소설중에 딸이 애비를 위해 희생하는건 심청이 인당수나 바리데기처럼 최소 자기 인생이나 목숨을 바치는 수준의 희생들이노. 반면 아들충이 엄마 위해서 희생하는 거라곤 아프신 어머니 한겨울에 산딸기 따드리기 약초 구해드리기이딴게 다다 ^좆^ 약초를 구하기 위해 자기 목숨을 희생하거나 자기 인생을 통째로 바치거나 그따위 정성도 없고 열등한남답게 어버버 거리고 있으면 어디서 산신령이나 조력자가 나타다서 ^효자군아^ 하면서 알아서 다 도와줌. 한남은 뼛속까지 찌질이 겁쟁이 병신에 무쓸모 핵폐기물이다,1
465,지난 주말에 이미 거기 가 봤어. ,0
466,어제 저녁 야구 경기에서 누가 이겼지? ,0
467,날씨 어때?,0
468,저 곳이 내 조국이노 퍄퍄,1
469,ㅋㅋㅋㅋ 깔깔깔깔깔 노무노무 신나노,1
470,아침에 일어나는 게 정말 싫어.,0
471,씌앙놈이 앙탈은^오^ 창놈이노,1
472,이 방에서 회의를 하고 싶어.,0
473,상위 0.02% 세계에는 남녀비율 6:4 정도로 남자가 더 많은거노? 일반사회에는 5:5인뎅. 알았다 이기,1
474,한국은 늘 덥나요?,0
475,우리는 종교의 자유가 있다.,0
476,그 사람 어떻게 생겼어요?,0
477,어젯밤에 이상한 꿈을 꿨어.,0
478,걸어갈래요? 아니면 차로 갈래요? ,0
479,요즘 한국에는 중국어를 공부하는 사람들이 많다.,0
480,에휴 조팔 나라가 참 드럽게 돌아간다 이기노? 군대랑 낙태가 어떻게 동일선상에서 거론될 수 있단 말이기 ㅋㅋ 저것도 사람인지가 의문이노,1
481,펄-럭,1
482,나 고양이 키우고 싶어.,0
483,그 가게는 위치가 나쁜 것 같아.,0
484,동대문 시장에 가 보고 싶어요.,0
485,ㅋㅋㅋㅋㅋㅋㅋㅋㅋㅋㅋㅋㅋㅋㅋㅋㅋㅋㅋㅋㅋㅋㅋㅋㅋ아 후기는 처음보는데 개웃기노ㅋㅋㅋㅋㅋ,1
486,볼펜 있어?,0
487,월베감이노,1
488,나는 가끔 맥주를 마신다.,0
489,병신 중에서도 하급 병신이노 ,1
490,매우 추워요.,0
491,영자 놈 고생이 많노... 할일없이 댓으로 분탕치는 관잦들 뒤지길앙망 ^오^,1
492,"북유럽 자댕이들은 보지한테 다 배려하고 허락맡고 움직여도 불만없이 조신한데, 김치좆들은 보지한테 모든걸 다 뺏어버리고 지 좆대로 행동하고 다니면서 쒸익쒸익 여성공화국 타령 ㅋㅋㅋㅋㅋㅋㅋㅋㅋㅋㅋㅋㅋ",1
493,그 사람은 침대에 누워 책을 읽고 있었다.,0
494,저희는 하루에 9만원입니다.,0
495,고마워요.,0
496,운동 많이 하세요?,0
497,"공주 워딩 좀 그렇노. 왕녀로 수정 앙망이노.
",1
498,보나마나 떠벌리고 다녔을게 분명하노ㅋㅋㅋㅋ진정한 먹버노,1
499,와 ㅋㅋㅋㅋ진짜 저렇게 말해주는 지인들이 있다니 주변 잘뒀노 ㅋㅋㅋ나는 솔까 친한 친구들한테도 비혼 저 정도로 강조안함 나중에 나한테 그때 니가 나 말렸잖아!!! 하면서 책임 지울거 같아서 ㅋㅋㅋ,1
500,콘서트가 시작되고 뮤지션이 연주를 시작했다.,0
501,노무 고맙노 워추 박노 이기,1
502,어른 표 두 장하고 어린이 표 한 장 주세요.,0
503,삶이 단단한넌이노 넌 꼭 성공할꺼고 보지는 꼭 성공 할꺼다티리 읽으면서 정말 대단하다느꼇노 후일에 기대하겠노 정상에서 보자 이기,1
504,창놈들이 여자인생망치노 다 썰어야한다 이기,1
505,일반적으로 여성이 남성에 비해 오래 산다.,0
506,건강한 신체에 건전한 정신,0
507,회사를 그만둔다고요?,0
508,"이런, 지갑을 교실에 두고 왔어.",0
509,요즘 20대가 돈없어서 성매수를 안한다니? 여친보다 창녀가 싸게 먹힌다며 비교글도 올리는게 요즘 한남인데ㅋㅋㅋㅋㅋㅋㅋㅋㅋㅋ 그리고 필리핀 코피노 애비하면 보통 꼰대새끼들을 떠올리지만 사실 90퍼센트 이상이 20대 유학남이라는 기사도 봤노 공부하라고 보내놨더니 똥걸레창남새끼들,1
510,하-각성한 난 정말 행복한 년이로구나,1
511,엄마가 나한테 그림책을 사 주셨어.,0
512,많은 한국인들이 여전히 침대에서 자는 것을 좋아하지 않는다.,0
513,무슨 일이야? - 어제 점을 뺐어.,0
514,5천년 역사 풉~풉~~,1
515,봉투에 우표 붙였어?,0
516,오늘 걱정이 있어 보여요.,0
517,곧 갈게요.,0
518,도와드릴까요? - 어른 두 명하고 아이 한 명이요.,0
519,갓ㅅ띵언 ㅇㅈ,1
520,내 새해 계획은 운전을 배우는 거예요.,0
521,깔깔깔깔 벌써 소추잡고 떨고있노 이제 시작이노,1
522,몇 가지 질문이 있는데요. 몇 살이세요? 형제는 몇이세요?,0
523,나 여기 서점에 있어. ,0
524,zㅋㅋㅋㅇㄱㄱㅆㄹㅇㅋㅋㅋㅋㅋㅋ ,1
525,이게 무슨 냄새죠?,0
526,이잉잉 컴온! ㅋㅋㅋㅋㅋㅋㅋㅋㅋ커엽노 ㅋㅋㅋㅋㅋㅋ,1
527,ㅇㄱㄹㅇ....,1
528,전에 여기 있던 가게가 없어졌어.,0
529,나랑 결혼해 줄래?,0
530,꿀팁이노 ㅋㅋ 쌀도 시켜야겠노 ㅋ,1
531,개를 기르고 싶어요.,0
532,"난 안할껀데???ㅋㅋㅋㅋㅋㅋㅋㅋㅋㅋㅋㅋㅋㅋㅋㅋㅋㅋ
망혼을 미쳤다고하노 ",1
533,포도주는 소고기나 돼지고기와 잘 어울립니다.,0
534,난 옛날엔 혼자있기 좋아했는데 요즘은 혼자있으면 심심하노 이건 왜이런거노?,1
535,난 이미 롤모델로 삼고 가성비 봊상타취 소재를 찾고 있노 ^느^ 내가 빵본좌 2세노 깔깔깔 ㅋㅋㅋㅋㅋ,1
536,나 지금 우체국 가는 길이야. ,0
537,애 성을 어떻게 더치를 하노 번갈아 출산할 거노?ㅋㅋㅋㅋ,1
538,그 차는 어둠 속으로 사라졌다.,0
539,ㅇㅊㅇㅊ,1
540,ㄴㄴㅎㅁㅎㅎㅁ,1
541,좆국에서 여자한테 시키는대로 살면 그대로 인생 망치는 거노 ㅋㅋ ,1
542,내일은 특별한 날이야.,0
543,좆팔노무 한남 새끼들은 교육받을 필요가 없다 이기. 교육은 보지의 전유물이다,1
544,그 사람 원래 성격이 밝아요. ,0
545,맞는말이노 추가로 좆돌 빠는 것도 비생산적인 취미활동에 큰 부분을 차지하고 있다고 보노 통장바치고 현생갈아가며 와꾸 좆창난 한남들한테 자아의탁하노 좆국 여성의 취미활동 포커스가 정도를 넘은 괴랄함이노.,1
546,"그날 단체로 뚫어뻥 사들고 교도소 앞에서 기다리고 환영회 열어줘야지.
버스 대관해서 이새끼 타는차 따라가야지 어디가는지 좀 보게.
",1
547,코너에서 오른쪽으로 도세요.,0
548,가장 가까운 서점이 어디인가요?,0
549,스트레스를 줄이려면 마사지를 받아라.,0
550,갓치들 스쿨미투 보력 힘주고 있다 이기야,1
551,스키를 가장 좋아해요.,0
552,그 사람 나무 아래에 앉아 있어.,0
553,"봊나 감동받았노..
용기주셔서 감사하다 웜련아",1
554,ㅋㅋ,1
555,나 지금 정말 피곤해.,0
556,아...그새끼를 그때 죽였어야됬는데...,1
557,찰지게패노 머모님이다익이,1
558,그들은 차에 나란히 앉았다.,0
559,한강은 서울시를 통과하여 흐른다.,0
560,"보지답노 ㅋㅋㅋ 놈딱 멋있는데 윾쾌하기까지 하다니 여윽시 의사도 여자의 것이노. 앞으로도 좋은(흑좆나아픈) 침술들 소추무추새끼들한테 많이많이 펼쳐라 이기야.
나중에 보토피아에서 보자이기이기",1
561,가해자가 여자라고? 꼬추 못 보여준 한남귀신 빙의했노 뭔일이노 ㅋㅋㅋ,1
562,"기받아갑니다. 성님,,,, ",1
563,문제를 일으킬 생각은 없었다.,0
564,너뭐노 글봊나잘쓴다익이 나초딩땐 글 좆같이썼는데 ㅋㅋ앵나오노 ㅋㅋㅋㅋㅋㅋ 성공하겠다익이야 ㅋㅋㅋㅋ ,1
565,ㅋㅋㅋㅋㅋㅋㅋㅋㅋㅋㅋㅋ봊웃,1
566,좆크기 미개하노 좆창났노,1
567,비 온다. 우산 펴.,0
568,이런게 참교사 참선생이 아니라면 무엇이 참교사란 말이노 교육부장관 노무딱 제격이노,1
569,"난 지능이 아니라 와꾸 얘기 하는건데?ㅋㅋㅋㅋㅋㅋㅋㅋㅋㅋ외모도 존나 중요함ㅋㅋㅋㅋㅋ어차피 인간에게 볼거라곤 힘/지능/외모가 전부야 ㅋㅋㅋㅋㅋㅋㅋㅋㅋ인간에게 가장 중요한 3대요소, 인간본연의 3대가치가 힘/지능/외모 밖에 없다고ㅋㅋㅋㅋㅋㅋㅋ외모는 인간본연의 가치며 스팩이고 인간의 우열을 나누는데 3분의 1이나 차지하는 중요한 가친데 왜 예쁜외모가 쓸모없다고 생각해? ",1
570,나년도 너처럼 해야겠노 꼭 정상에서 만나서 보르텔 힘주자 이기야,1
571,제 생각은 이렇습니다.,0
572,꿀팁은 워추,1
573,니 웃는 모습이 좋아.,0
574,아이디어가 놈딱 좋노. 6바지락하다9 한남한테 타격감 ㅅㅌㅊ 예상한다 이기야ㅋㅋㅋㅋㅋ,1
575,어디 살아?,0
576,야망보지 멋지노,1
577,참대통령이시노,1
578,니 점수는 너무 낮아.,0
579,자기생각없는거 ㄹㅇ ㅋㅋㅋㅋ 다수가 절대적 정의인지안다익이 개돼지수준 윾엒,1
580,"에어컨을 켰으니, 시원해질 거야.",0
581,"차례가 되면, 앞으로 나오세요.",0
582,"봊나 연하충들 애교 부리면 개패고싶노,,",1
583,이거 국정원과 프리메이슨에 이름올릴수있는기회노,1
584,정신 똑바로 차리고 있어야한다 긴 싸움이 될 것이노 절대 약해지지마라이기 내가 네 옆에 있겠노 너와 함께 싸우겠노,1
585,내 꿈은 이 회사의 사장이 되는 거예요.,0
586,스크랩했노 소비패턴 바꾸러 간다 이니야 ㅇㅊㅇㅊ,1
587,할 줄 아는 외국어가 있으세요?,0
588,따먹고 후기좀,1
589,역시 좆슬람과 형제 종교 답노 저런것들이 고상한척 오지게 하노 돈 밝히는 악마들일 뿐이다 이기,1
590,나는 두 문제 맞혔어.,0
591,들어가지 마시오!,0
592,떡볶이에 남동충이 떡을 안좋아하고 오뎅만 쳐먹으면 웜련이가 갑자기 떡 좋아한다면서 나한테 떡 다 주고 냄동충한테 오뎅 다 주기. 냄동충이 계란 노른자 좋아하면 웜련이는 흰자를 좋아하지? 하면서 흰자만 주고 냄동충은 노른자만 주노 ㅋㅋㅋ,1
593,맵고 짠 음식은 몸에 좋지 않아요.,0
594,비혼 = 노예 해방 ,1
595,팔을 움직이려 했지만 이상하게도 움직이지 않았다.,0
596,오늘 날씨 정말 춥다! ,0
597,그녀는 선생님이 되기 위해 일을 그만두었다.,0
598,남자는 틈만 나면 움ㅡㅡ,1
599,세상 참 좁네요!,0
600,므?? 자지가 어떻게 잘 나게 태어나노? ㅋㅋㅋㅋㅋㅋㅋㅋㅋㅋㅋㅋㅋㅋㅋㅋㅋㅋㅋㅋㅋㅋㅋㅋㅋㅋㅋㅋㅋㅋㅋㅋㅋㅋㅋㅋㅋㅋㅋㅋㅋㅋㅋㅋㅋㅋ 자집놈새끼는 제 아무리 6잘나게9 태어나봤자 유사인류노 ㅋㅋㅋㅋㅋㅋ 대를 거쳐봤자 유사인류가 인류되노? 사람도 아닌것이 사람이 되노? X' 가 XX 되노? 느개비 종로에서 후장쎀킹하듯 예수후빨 부처후빨을 해도 유전자 찌끄레기의 부스러기 '가 온전한 X유전자가 될 수는 없다이기야ㅋㅋㅋㅋ 잘나봤자 좆놈새끼는 좆놈새끼다이기이기 형냐 이번은 망했으니께 싸게싸게 재기하고 노오력을 해서 다음생을 노려보라이기~~~~^느^ 그러게 태아 때 단전에 힘조서 좆이 안달리도록 했어야지...... 끌끌 ,1
601,학식련인데 돈벌면 적어도 한달에 두번은 갈듯ㅋㅋㅋㅋㅋㅋㅋ,1
602,이야 나련 원래 내 보력만 가기도 바빠서 참가안하는편인데 이건 꼭 한다이기 후팔 보르가즘오노ㅋㅋㅋㅋㅋ ,1
603,좆센 유전자풀 좆창난지 오래. 사실상 근친상간이다 한남충들은 유전병덩어리임,1
604,ㅋㅋㅋㅋㅋㅋㅋㅋㅋㅋㅋㅋㅋㅋㅋㅋㅋㅋㅋㅋㅋ봊꾸러기놐ㅋㅋㅋㅋㅋㅋ워친ㅋㅋㅋㅋ 당장 바꾸러간다 이기야,1
605,봊나 멋있고 덕분에 자극받는다. 같이 보르텔형성에 힘주자이기야,1
606,반대편에 1초라도 앉는게 힘들었을텐데 대단하노ㅋㅋㄱㅋㅋㄱㅋ좆팔ㅋㄱㅋ,1
607,그만 찾아도 돼. 내가 찾았어!,0
608,그 음주 운전자는 결국 사고를 냈다.,0
609,입에 음식을 넣고 말하지 마라.,0
610,"미안, 내가 공을 너무 세게 던졌어.",0
611,ㅇㅊ 주고 간다이기 띵문 고맙노,1
612,탈조해서 성공하게 해주세요 보-멘,1
613,배가 고파서 배에서 소리가 나요.,0
614,",",1
615,아이큐가 높을 수록 혼자 있기 좋아하다는 연구결과도 있노,1
616,요즘에는 아이를 원하지 않는 부부가 많아요.,0
617,형 군머가기 싫어서 젠신성형한거 다 아는데 군대가야되서 례민한고야?,1
618,한국의 겨울은 아주 추워요.,0
619,이 편지를 우체통에 넣어야 하거든요. ,0
620,네네네,1
621,갓미선성님 존경함니다,1
622,한결같은 이중좆대,1
623,관리자 성림은 혼자가 아니노. 허벌지갑 오조오억개가 대기타고 있노. ,1
624,눈이 녹아서 길이 굉장히 미끄러워졌어.,0
625,우리 엄마는 혼자서 두 아이를 길렀다.,0
626,간다 ,1
627,그 빨간색 드레스 너랑 잘 어울려.,0
628,나는 신문에서 스포츠 부분만 읽는다.,0
629,에쿠우스는 라틴어로 말이라는 뜻이다.,0
630,똑똑한 년이노,1
631,깔깔 진짜 재기해부렸노 ,1
632,ㅇㅊ 준다 이기,1
633,한국 사람들은 돼지꿈이 행운이 있다고 믿어요.,0
634,ㅅㅌㅌㄱ,1
635,ㅆㅂ 자지새끼들 인생 편하게산다진짜 망혼 하는걸로 나라에서 돈까지 쑤셔주노,1
636,저는 시골에서 자랐어요.,0
637,그 다큐멘터리는 사회의 현실을 반영한다.,0
638,나는 전구로 만족못하노. 칼 조각 조각 내서 넣고 아랫배 짓누르고 싶노. 똥꼬에서 불꽃놀이가 일어날거노. 껄껄,1
639,그 사람은 영어를 아주 잘해.,0
640,늦어서 5점이 깎였다.,0
641,로또 당첨 역대 최대액 되게 해주시옵고 8개국어 조지게 해주시옵고 탈조하게 해주시옵소서 보멘,1
642,세계로 나가노 ㅋㅋ,1
643,예를 들어봐.,0
644,개가 모자를 쓰고 있다니 웃기지 않니?,0
645,여기 자리 있나요?,0
646,자동차에 또 문제가 있어요?,0
647,"믓찌노 퍄퍄
나련도 어렸을 때 나랑 같이 앉은 짝 남자애 패고 다녔노ㅋㅋ",1
648,봊나 멋있노 역시 머리 좋은년들은 다 웜하노,1
649,했던 말 반복인데? 웜도 물갈이 많이 됐노,1
650,보지답게 현명하다익이^느^,1
651,이제 그만 가볼게요.,0
652,쇠고기와 돼지고기 중에 어느 것이 더 싼가요?,0
653,자댕이새끼들이 열등한건 당연하지만 비리를 징계한걸 6갑질9이라 하다니 미개함이 도를 넘었노 공론화하고 다시 의원직 복귀하셔야한다이기야,1
654,스크랩,1
655,신용카드가 때로는 교통카드 기능을 한다.,0
656,ㅋㅋㅋㅋㅋㅋㅋㅋㅋㅋㅋㅋㅋㅋㅋㅋㅋㅋㅋ봊웃챙,1
657,앜ㅋㅋㅋㅋㅋㅋㅋㅋㅋㅋㅋㅋㅋㅋ 이련들 말만하지 말고 지역별로 다진마늘 비중이 얼마나 되는지 글싸줘랑이니야,1
658,펄-럭,1
659,앵 나온다 앵~ 흉자련들 불쌍노 진짜 저러고 사노? 난 매일 친구들이랑 바닷가 가고 해외여행 잡아서 놀고 오는데 신혼여행 제주도 뭐노? 귤먹으러 가는데 아니노? 노예짓하고 그만큼 댓가도 못받고 사노 ㅉ 한남 같은거 버리고 비비탄 하란 말이노,1
660,자위하지 말라고 포스트잇 붙여서 반공개처형ㄱ,1
661,"15세에, 그는 대학에 들어갔다.",0
662,사실 빵은 칼로리가 높다.,0
663,열어 봐. 깜짝 선물이야. ,0
664,맞다 자매님 예수좆교에서 쓰는 워딩같노,1
665,펄-럭,1
666,너 왜 재즈를 싫어하는 거야?,0
667,제 이메일 주소를 알려 드릴게요. ,0
668,가방이 없어졌어!,0
669,ㅇㄱㄹㅇ,1
670,핸드폰으로 인터넷 검색을 할 수 있어요.,0
671,ㅇㅁ,1
672,그 선수는 수건으로 얼굴의 땀을 닦았다.,0
673,옛날글 디비다가 성지왔노. 상황이 노무 생생하게 그려져서 웃창이다이니야ㅋㅋㅋㅋ,1
674,ㅇㅈ하노,1
675,어제는 등산하기에 좋은 날씨였다.,0
676,"오랜 대화 끝에, 그들은 헤어지기로 결정했다.",0
677,후팔 ㅋㅋㅋㅋㅋㅋㅋ 나만 그런게 아니었노 뒈짓 힘죠오오오오오,1
678,"웜에 소속감 같지마라
니가 지금 여성차별을 알았다고 달리지는건 아무것도 없노.
니 자신이 달라져야하노",1
679,그네녀????지들이 여혐하고 자빠졌넼ㅋㅋㅋㅋㅋ어이가 없노 크으,1
680,ㄴ난 개돼지들이 업업하고 좆충 사귀고 애낳고 으니재앙이 빨면서 좃국에 평생 살라고 빌었노 내 인생 ㅅㅌㅊ 되는게 제일 중요하고 너도나도 코르셋 벗고 비출산이면 그만큼 상대적 이득이 적다고 느꼈기 때문이노 흉자랑 콜셋들이 노년의 세금셔틀 좀 낳아줬음 했노 ㅋㅋㅋㅋ 근데 웜발 시위들 다녀오고 생각바꿨노 페미니즘이 널리 퍼졌음 좋겠노 ,1
681,지뢰이디퍼스트 한남충이랑 또이또이먹는 새끼들이네 같이 모아서 불싸질러버려야한다 ,1
682,대장의 기개가 느껴지노,1
683,나 지금 네덜란드 두세번째로 큰 도시에서 유학하는데 여기도 여자 학생들이 난 페미니스트는 아니지만~ 이런 말 함... 페미니스트가 나쁜거인줄알고 후발 ,1
684,그 사람 정말 좋은 사람 같아요.,0
685,제목보고 소추줄뻔했잖노 이련앜ㅋㅋㅋㅋㅋㅋㅋ,1
686,가게에서 지갑을 잃어버렸어. ,0
687,정말 미안해.,0
688,바다에 도착하면 마음이 바뀔지도 몰라.,0
689,머국에서 썩기 아깝노 탈조했으면 광광,1
690,기존 청원 무시하고 다시 시작하면서 20만명걸었던건데 벌써 7만명됐노 금방 달성할듯 20만명되면 여성징병까진 안해도 군가산점 웅앵웅 할거같아서 기분쎄하고좆같노,1
691,멋있노 워추다 이기야,1
692,요즘에는 핸드폰 없는 사람이 없다.,0
693,이번 주말에 시간 있어?,0
694,이 책 니 거야?,0
695,한남 피융~~~~~~~~~~신 ,1
696,그 공원은 얼마나 커요?,0
697,"우유, 버터 그리고 잼이 필요해.",0
698,"499 이 놈 존나 말많이하노. 감정적으로 흥분해서 발작 일으키는거 개꿀잼ㅋㅋㅋㅋㅋ 응 그건 니생각. 애초에 생각다른걸 받아들이지 못하고 생각다르니 너 자지, 자지아니고 보지라도 좆따팸ㅋㅋㅋㅋㅋ<-이 사고회로가 앵나 천박하고 급떨어진단거. ㅇㅈ? ㅆㅇㅈ",1
699,앵나오노 후팔.. ,1
700,가게들은 지하에 있습니다.,0
701,좆국은 왜이리 여자들이 뭘 하는 걸 부랄발광하면서 못참노? 선동질 좆빡친다 이기야,1
702,퍄 수고하셨습니다 ㅇㅊㅇㅊㅇㅊㅇㅊㅇㅊㅇㅊㅇㅊㅇㅊㅇㅊㅇㅊㅇㅊㅇㅊ무한워추,1
703,점심은 제가 살게요.,0
704,펄-럭,1
705,왜저러고사노,1
706,내 말 무슨 뜻인지 알겠어?,0
707,"이 글을 끝까지 다 읽고 이해한 사람에게는 하나의 선물을 주고 싶노. 오늘 발견한 사이트인데 아주 고무적이고 좋더노. 무료로 4일간 체험할 수 있노. https://bucketlistbombshells.com/free-mini-course/ 추천한다. 사고를 확장하면 경험이 확장되고 다른 선택을 하게 되노. 사고를 확장하는 데에 가장 중요한 것 중 하나는 너희들도 알다시피 언어를 확장하는 거노. 영어, 기본이노. ",1
708,사랑이 없는 결혼은 아무런 의미가 없어. ,0
709,이렇게 유명해져야 우리한테 유리해진다 이기야,1
710,탈조하고 개돼지랑 상종 안하는 삶을 살고싶어요 보멘,1
711,요즈음 살이 쪄.,0
712,이거 보고물 주문했노ㅋ 40통 주문했다이기야,1
713,야 나 윾입이라 이거 이제 봤는데 건 이 웹툰 폐지할게 아니고 이 작가좆을 폐지줍게 만들어야하는 문제다. 청와대도 가고 외국 언론도 가야하노 심각하게 수단을 강구해보자,1
714,뭐노 왜 없노 글,1
715,흉자들은 절교가 답이노 ,1
716,하루 종일 역사 시험 공부를 했어. ,0
717,확실해? 마지막 순간에 마음 바꾸면 안 돼! ,0
718,더 분발하겟노ㅋ,1
719,기름은 물보다 가볍다.,0
720,공부 잘하는 누나가 인생 포기하고 뒷바라지했는데 삼수해서 그시대에 경희대???????????????,1
721,나는 동생과 사이가 안 좋아요.,0
722,나는 그녀의 아름다운 목소리를 잊을 수 없다.,0
723,귀찮은 일 얽혀서 고생했노. 노무딱 멋지노 본받겠다이기,1
724,나는 내년에 고등학생이 된다.,0
725,무슨 일을 하세요?,0
726,역시 앞똥 패는 데는 도가 튼 년들이노. 꿀팁 전수받고 간다이니야. ,1
727,다른 곳으로 수영하러 가자.,0
728,봊나멋진 행갓치노 ,1
729,응 니 누나 웜련ㅋㅋ,1
730,누구냐 캡쳐해서 이거 ㄹㅇ 조리돌림해야하노 ,1
731,반성함,1
732,보다 현실적인 방법을 찾아야 해.,0
733,더 할 말 있으세요?,0
734,상여자노 퍄퍄,1
735,왜 그랬니?,0
736,나는 도시에서 혼자 살고 부모님은 시골에 사셔.,0
737,질문한 296년인데 치간칫솔 괜찮은 걸로 한번 알아봐야겠노 놈딱 고맙다이기 돈 엥나많이 벌길 바라노 ^느^,1
738,글쓴이에게 워추를 내리노라,1
739,지나가는 사람에게 물어보자. 그게 더 빨라.,0
740,방에서 나오지 마.,0
741,주작무새는 무시해라 지맘에 안드는 글만보면 부랄떨려서 주작이다주작우ㅜㅜㅠㅠㅠ주적구크크루ㅜㅜㅜㅜ하는놈 하나있음,1
742,한 번 더 기회를 주세요.,0
743,책은 몇 권이나 내셨어요? ,0
744,"나는 이 메모를 이해할 수가 없는데, 넌 어때?",0
745,와 국방세 출산세 ㄹㅇ 씨팔ㅋㅋ ,1
746,이번 수학 시험은 지난번보다 더 어려웠어.,0
747,얼마 만에 푸른 하늘을 보는 건가요?,0
748,★★★ 1. 클릭하고 일정시간 머무르면 더 좋다하노. 그래서 난 5분정도 후에 없앤다이기. (그냥 탭에 걸쳐놓고 웜질하면 되는 쀼젤) 2. 연속으로 다다닥 클릭해봤자 어차피 봇이 다 걸러내서 카운팅 안됨. 웜질하면서 적당히 클릭해라이기. 3. 지금이 광고단가 결정하는 기간인 것 같은데 이 때 웜퇘지들 화력이 좋아야 단가도 업업 광고기간도 업업 되지 않겠노. 난 성인광고라길래 흑좆나 병신같은거 생각했는데 띠요옹? 앵나 깔끔하고 가끔씩 캐릭터 이미지 나오는거 빼곤 다운로드 나우! 이런식으로 영문구만 써있어서 군무 좋노. 이 광고로 정착되서 영자나 웜퇘지들도 사이트 유지비 걱정 안하고 크린하게 웜창인생 됐음 좋겠다 이기야 ^느^ ps 웜질하면서 본 정보들 스틸해서 쓴거다이기,1
749,팔을 못 움직이겠어요.,0
750,나는 지갑에서 돈을 꺼내는 척했어.,0
751,저 노래를 들으니 옛날 생각이 나.,0
752,"그들은 쌍둥이지만, 성격은 완전히 다르다.",0
753,저희 식당은 신선한 재료만을 사용합니다.,0
754,구원은 셀프노 서로 갈 길 가자 익이 ,1
755,"후팔 요가원에서 자댕이 새끼 있길래
동작 하는 동안 더욱 더 당당하게 방구 뀌고 나왔노 ",1
756,학교에 또 늦은 거야?,0
757,그 건물은 이 길의 끝에 있습니다.,0
758,침대 옆 탁자 위에 있어요.,0
759,342/ 아니 그게 말이 되노? 난 교정전문의는 아니라 잘 모르지만 그거 최소 남의사잘못 맞다고 보노. 혹시 그 어금니 신경 말고도 다른 교정했던 치아들 상태는 어떻노? 아무튼 우선 치료부터 빨리 진행하는게 좋겠노. 이래서 의료보이는 안된다 이기 ㅉㅉ,1
760,고려장할 시기인가보다 야산알아봐라~^^,1
761,이련을 국회로 청와대로,1
762,아직도 출발 안 했어? ,0
763,이 세탁기 고장 났어. 그거 켰어?,0
764,샤워 했어?,0
765,내가 제일 좋아하는 가수는 조용필이다.,0
766,숙제 했어?,0
767,어느 대학 가고 싶어?,0
768,펄-럭,1
769,우리 대학은 백 년의 전통을 자랑한다.,0
770,홍본좌 무죄,1
771,나는 역사 교수가 되고 싶어.,0
772,ㄴ나련 저 짤보고 토 할 뻔 햇노 . ..ㅠ,1
773,웜 욕하는거 볼려고 피키앱 까지 깔았^느^ 보르가즘 쩐다 이기야,1
774,"혜안은 요즘 밥도 못 먹고, 잠도 못 자.",0
775,워추먹어라 클리를 치고간다,1
776,ㅋㅋㅋㅋㅋㅋㅋㅋㅋㅋㅋㅋㅋㅋㅋㅋㅋㅋㅋㅋㅋ,1
777,방문 목적이 무엇입니까?,0
778,"저 부부는 취미가 비슷해요, 자는 거요.",0
779,이년 대단한 년이다 이기 난 저을대로 농약으로 따라하지 않겠노 ^노^,1
780,아이허브에서파는 충치예방용 불소치약의 불소함유량이 1500~1700ppm 선인데 이정도면 유의미한 효과를 볼수있겠노? 어차피 헹구면 거의 씻겨나가는 거라 기능성 치약이 의미가 있는지 잘 모르겎노. ,1
781,내가 겪은 고통을 축소하지 말아라. 내 야망을 축소하지 말아라. 내 능력을 축소하지 말아라. ㅇㅊ,1
782,꼭 모금하겠노 ,1
783,안녕하세요? ,0
784,"봐, 저 남자는 키가 2미터는 넘을 거 같아.",0
785,아 진짜 봊나 좋노 ,1
786,스키 여행은 눈 때문에 취소되었다.,0
787,그렇게 큰 문제가 발생했는지 누구도 몰랐다.,0
788,그 여자 나이보다 어려 보여요.,0
789,하 진짜 병먹금 필요한 이유 현실에서 ㄹㅇ로 말섞기 싫은 ㅆㅆㅆㅎㅌㅊ 남자일게 분명,1
790,기다려라 나도 간다이니야 하버드도 웜이 점령해뿟노 ㅋㅋ,1
791,박찬호는 내가 제일 좋아하는 야구 선수야.,0
792,그때 이후로 그녀를 본 적이 없다. ,0
793,한남충 속마음 다 보여준 쀼젤ㅋㅋㅋㅋ 저 질문 하나로 사상 다 드러낸것도 신기하다 이기야노 ,1
794,고생한련들 모두 앱충새끼 재기길만 걸어라 ^느^,1
795,북쪽으로 걸어가.,0
796,정말 피곤해 보이네요. 무슨 일 있어요?,0
797,밖에서 자전거 타도 돼요? ,0
798,의사에게 진찰받아 봤니?,0
799,그걸 이제 알다니 등신력 ㄱㅆㅅㅌㅊ노. 근데 저런 개돼지들 군무군무 많아서 정신 못차리고 얼굴패권!이러면서 아이도루 빨듯이 병신질 하고 있노. 대통령을 뽑는다면서 아기 취급하면서 우쭈쭈하는 개돼지들 군무 많다 ㅎㅍ ,1
800,정자사야겠노ㅋㅋㅋ,1
801,ㅋㅋㅋㅋㅋㅋ웃챙이노 나년도 실천하러간다 이기야ㅋㅋㅋ,1
802,그 애는 나를 자기 생일 파티에 초대하지 않았다.,0
803,ㅋㅋㅋㅋㅋㅋㅋㅋㅋㅋ,1
804,이 단어는 두 가지 발음이 있어요.,0
805,명심하겟^노^ㅋㅋㅋ,1
806,일 년 동안 영국에서 살 거예요.,0
807,타이어 바꿀 줄 알아?,0
808,"오늘 약간 춥다, 그지?",0
809,만나서 반갑습니다.,0
810,묶어놓고 후장에 사무용품 꽂아줘라 낄낄,1
811,어제 눈 내리는 거 봤어?,0
812,펄-럭,1
813,사과 좀 깎아 줘.,0
814,"애비 뒤지고 탈조센하게 해주세요..
애비만 뒤져도 되고 탈조센만 해도 됩니다 보-멘",1
815,나는 비빔밥이 별로야.,0
816,그래서 재기했나 안했나 이기야,1
817,여동생이 축구하는 걸 보고 있어.,0
818,우리는 어렸을 때 같은 학교에 다녔다.,0
819,대학 졸업하고 뭐 할 거야?,0
820,칠판에 써 볼 사람? ,0
821,김치냉장고가 필요해.,0
822,ㅋㅋㅋㅋㅋㅋㅋㅋㅋㅋㅋㅋㅋㅋㅋㅋ저런데도 주제파악 못하고 결례 운운하노 ㅋㅋㅋㅋㅋㅋㅋㅋㅋㅋㅋ ㅆㅎㅌㅊ라서 개무시한건데 결례는 개뿔,1
823,펄-럭,1
824,"모금으로 가고싶은데 대신 돈 쓴 기록은 투명하게 공개했음하노.
그냥 얼마얼마썼다 이렇게 하면 언제든 비리 발생해서 뒤집어지는 경우가 많다 이기야. ",1
825,ㅇㅊ,1
826,그럴 기분이 아니야.,0
827,이전 여자친구가 어젯밤 꿈에 나타났다.,0
828,오늘은 쉬는 날이야.,0
829,꼭 성공했으면 좋겠노.,1
830,공유하자이기노,1
831,엄마는 그 산을 손가락으로 가리켰다.,0
832,뭘 해도 될년이노 놈딱 정상에서 보자이기,1
833,난 앱충이라고조차 부르기 싫은 그새끼 ^오^ 일말의 후회도 안 할 자신이 있는데 아쉽게도 기회를 놓쳐뿟노. 진작 6969톤 웜퇘지가 돼서 퍼뜩 재기시켰어야 했노,1
834,킹근혜,1
835,이 영화 진짜 재미없다.,0
836,띵문이노 일기에 붙여놓고 보겠노,1
837,여자친구와 쇼핑가는 건 정말 힘들어.,0
838,펄-럭,1
839,윾놈들 댓글보면 유치하기 짝이없고 씹선비노잼이다이기 여혐안하는척오지는데 올라오는글은 죄다 여혐임. 왜사냐..ㅉㅉ,1
840,그가 올까?,0
841,"한국 사람은 보통 숟가락으로 밥을 먹고, 젓가락으로 반찬을 먹어요.",0
842,수고했노 이련들아.... 니련들 앞에 재기한 탈치남만 있길 바란다 이기야,1
843,ㅇㅊ,1
844,누군가 내 이름을 부르는 소리를 들었다.,0
845,에어컨 좀 켜도 될까요? ,0
846,진짜 갓갓련이ㅣ노 빨간약 먹고 시위 참가 꼭해야하노,1
847,예전엔 메갈들 진짜 여자 맞냐더니 이제 다 받아들였노? 여자들 니네 싫어한다 ^느^개비허벌후장,1
848,오늘 몇 과 할 차례지? ,0
849,그 사람은 비디오 게임 없이는 못 살아요.,0
850,옛다 관심,1
851,가족파괴 사람해방 보토피아 ,1
852,머리를 부딪친 후로 머리가 자꾸 빠져요.,0
853,특별한 능력이 있는 사람만이 이 일을 할 수 있다.,0
854,봊나 멋있노 빵태워서 뉴스 나오고ㅋㅌㅌㅋ,1
855,기타짤 좆끼니까 짜식되시는거 봊나웃챙아니놐ㅋㅋㅋㅋㅋㅋㅋㅋㅋㅋㅋㅋㅋㅋ어떤련이 드립친거생각나뿟놐ㅋㅋㅋㅋㅋㅋ킹혜님 웃는거 노무 좋노,1
856,큰 코가 그 사람 얼굴의 특징이야.,0
857,나 늦을 거야. 그러니까 기다리지 말고 자.,0
858,왜 얼굴이 갑자기 빨개지니?,0
859,아아 대장님,1
860,글자 크기는 바꿀 수 있습니다. ,0
861,"1번 즈그애비인생4~50년 20년안에 축소해논거
2.아이린이랑 영혼결혼식도 하려했던 한남소추쿵쾅충보면 ㅋㅋㅋㅋ
3. ㅋㅋㅋㅋ풉 이거 보면서 애호박이 바로 떠오르더노 이기야 ㅋㅋㅋ
4. 유충때부터 느개비느갈배가 창놈짓한것만 봐왔으니 뭘 배우겠노?
5. 제 3의성 탄생해버렸노?ㅋㅋ",1
862,방금 기차를 놓쳤어.,0
863,캬 봊꼴리노,1
864,니가그래서이혼당한거아니겠놐ㅋㅋㅋㅋㅋㅋㅋㅋㅋㅋㅋㅋㅋㅋㅋ,1
865,고생하노 응원하고 연대한다 이기,1
866,탈조해서 떵떵거리게 살게 해주십시오 보지신이시여 워-멘,1
867,체스에서 컴퓨터가 인간을 이겼어요. ,0
868,재앙아 정신차려라 이기야 ^오^ 니가 일 더 크게 키우는 거 치매걸려 모르노,1
869,오늘 날씨 따뜻하네요.,0
870,"공연이 시작되면, 소리를 내지 말아주세요.",0
871,개돼지 썩창 마인드를 버려라,1
872,3월1일은 한국에서 공휴일이다.,0
873,우리 집은 학교에서 가깝다.,0
874,경험론은 워추야,1
875,이거 커뮤에 퍼뜨려야되는거아니냐 우리같은련들만 먹금해도 개돼지들이 앵나 빨아주면 좆팔,1
876,저곳은 항상 사람들이 많아.,0
877,대단하다. 진짜 뭘 해도 될 년이노.,1
878,도덕 버린지 오래다 이기야. 자댕이들 살남연습은 에티켓이노,1
879,"서웜대 인증하러 들어왔는데 댓글 69개 아직 못 써서 못 하노 ㅋㅋㅋ 주로 트위터 하는데 웜련들한테 항상 많이 배운다 이기야ㅋㅋㅋ 고맙노
서웜대 가서 후려치기만 당하고 인생에 도움 안 된 것 같고 한남 동기들 볼 비위 없어서 다 절교해서 서웜대 간 거 후회하고 있고 서웜대 한남 뻘짓 들을 때마다 쪽팔리고 짜증만 나는데 간만에 여자들한테 인정받는 것 같아서 기뻤노 서웜대 가든 말든(웬만하면 탈조해라) 보지들 다 화이팅하고 정상에서 만나자",1
880,맛이 어때?,0
881,허벌지갑열렸다 이기,1
882,요즘 왜 그렇게 바빠?,0
883,그거 어때? - 나쁘지 않네.,0
884,"ㅇㄱㄹㅇ
알바할때 본 놈이 첫월급으로 피자사내라 ㅇㅈㄹ
내가 왜?
부랄 잘 딸랑이는 놈도 아니고 자퇴나 한 주제에",1
885,"아무 생각없이 충동적으로 행동하는건 냄져들만 하는 짓이노
난 저기사 처음 봤을때 우리 대장님이 이유가 있어서 찍었을거라 생각했노",1
886,방학이 내일 끝나.,0
887,언제나 네가 원하는 것을 얻을 수는 없다.,0
888,맞는말이노 워추박고간다,1
889,어려운 문제는 빼고 다른 것들 먼저 풀어라.,0
890,낄낄낄 엘레베이터 없는 고층이노 원래 쌀이나 물 시켜먹는데 가전제품이랑 가구도 시키러 가노 ㅋ 마침 가구 바꿀때도 됐노 낄낄낄 택배뽀이 돈받으려면 일을 해야하지 않겠^노^ ,1
891,라디오를 켜라.,0
892,"띵문이노 워추 696999559599개 받으라 ㅇㅣ기
",1
893,입장권 6969개 끊고싶노 ㅋㅋㅋㅋㅋㅋㅋㅋㅋㅋㅋ,1
894,어릴때부터 혼자있길 좋아했는데 모부들이 그럴때마다 큰일이라도 난듯 호들갑떨며 6외향적9으로 되라고 온갖 개돼지 캠프와 자릉내나는 집단에 던져넣었노 나는 당연히 혐오스러운 개돼지들 하하호호 개성죽이기 눈치기르기 프로그램에 따르지 않고 다 칼로 푹찍하고 피묻은 손발로 집에 들어오곤 했노 중고급식때는 사회의 꾸준한 가스라이팅에 무리에 어쩔 수 없이 들어가서 노는데 놈딱 괴롭고 혐오스러웠노 광광 ,1
895,"ㅋㅋㅋㅋㅋㅋㅋㅋㅋㅋㅋㅋ보지꾸러기노
ㅋㅋㅋㅋㅋㅋㅋㅋㅋㅋㅋㅋㅋㅋㅋ썰 더 없노? 웃다가 재기할뻔했노",1
896,하려고 했는데 못 했어요. ,0
897,비누는 피부를 건조하게 만들어요.,0
898,컴백홈이노 이련들아 ,1
899,"영자 성님,,,수고하십니더,,,,-군무 화가 나서 쿵쾅거린 웜퇘지 1인-",1
900,내가 본 것 중 최고였어. ,0
901,지도를 보면서 알려드릴게요.,0
902,깔끔하게 정리했노 이기,1
903,아그리고 되게 신기한거 하나는 내가 그렇게 문제제기 하니까 자기는 전혀 모르더라. 그게 왜 문제야~~? 하면서 ㅋㅋㅋㅋㅋ ,1
904,윾입인데 열심히 활동하겠다 이기,1
905,아동범죄남에겐 죽음만을,1
906,우리 엄마는 중학교 미술 선생님이야.,0
907,호주의 계절은 한국하고 정반대야.,0
908,웜의 가치는 이것이노. 누군가 새로 들어와서 며칠 만에 지금까지 문제가 있음을 느끼면서도 이유를 명확히 몰랐던 것들에 대해 답을 알게 되노. 그리고 보지는 실행에 옮기게 되노. 스스로 자신을 구원하게 된다 이말이노. ,1
909,스크랩하고 맨날보면서 되도록 노력해야징,1
910,우리 집은 서울 중심에 있다.,0
911,나는 고등학교 때 제2외국어로 일본어를 배웠다.,0
912,언제부터 동전을 모았어요?,0
913,"그는 17살이지만, 아저씨처럼 보인다.",0
914,동물도 각재고 임신한다하더노,1
915,너가 제일 수고한다 이기야 항상 고맙노 모금계좌 나오자마자 탈탈 털어 넣겠다 이게 다 후팔 좆경새끼들 때문이노 마음이 아프다 조팔 응원한다 이기,1
916,스스로 해결책을 찾아봐라.,0
917,좆같지만 사실이노,1
918,의사 선생님은 지금 다른 환자를 보고 계세요.,0
919,이 도시는 살기 좋은 곳이다.,0
920,그 배는 바다 밑으로 가라앉았다.,0
921,잡지에서 우연히 본 거야.,0
922,아직도 나한테 화가 나 있니?,0
923,애비 참교육 하는 년들이 늘어났으면 환영할 일 아니노 ,1
924,왜 귀를 막는 거야?,0
925,그런 건 아무도 못 해.,0
926,멋진 머모님에게 박수!!! 그대는 너무나 멋져요!! 인생아직 한창입니다!!ㅋㅋㅋㅋ 같이 머리끈풀고 인간으로써의 진정한 삶을 그리고 남혐을 즐깁시다!!,1
927,파쿠 머모님!!!!,1
928,과자 내 거 좀 남겨둬.,0
929,예시 워친년아 ㅋㅋㅋㅋㅋㅋㅋㅋ,1
930,ㄹㅇ로 삶의 질이 확 달라지노.,1
931,엄마 생일을 달력에 표시해 두세요.,0
932,권력은 추한 거노,1
933,아니 좆팔 여자만 참여가능하다고 써놨는데 지 남충은 왜데리고 오노 양남쇼린이 보빨노예라서 성님들 빌려주려고 데려온것도 아니고 ,1
934,정권의 압력이 참으로 잔인하네..,1
935,냄저는 외모가 다얔ㅋㅋㅋㅋ못생기면 재기하자ㅋㅋㅋㅋ,1
936,ㅇㄱㄹㅇ ㅇㄱㄹㅇ ㅇㄱㄹㅇ,1
937,하늘에 저 작은 빛은 뭐지?,0
938,안녕히 계세요.,0
939,저 쓰레기 좀 버려줄래?,0
940,여기 분위기가 마음에 들어요.,0
941,"웜련이 돈주고 한남을 왜먹노 ㅋㅋ 저거 그냥 지 안 이뻐하는 여자는 다 메갈, 워마드라 그러는거노 창남새끼가 말이 많노 ",1
942,"
-> 멀쩡한 흑인 후보가 있는데 ""흑인 인권 챙겨주는 백인 후보"" 뽑는 꼴
멀쩡한 조선인 후보 있는데 ""조센인 인권 챙겨주는 친한파 일본인 후보"" 뽑는 꼴
성님 팩폭 지리셨노 깔깔깔",1
943,시벌꼰대할배충 다 모가지를 따서 창자에 대굴빡을 쳐박고싶다 이기 ㅡㅡ,1
944,개꿀팁!! 오 ^^,1
945,이성에게 잘 보이려고 노력 하는게 어때서 하던 련도 ㅋㅋ 아 그래? 대단하네 ㅋㅋ 이러니까 그다음부터 안하더노 ㅋㅋㅋㅋ,1
946,문이 저절로 열렸어.,0
947,거울 좀 그만 봐라.,0
948,띵문고맙노,1
949,배고파서 죽겠어요.,0
950,"점점 더, 젊은 사람들이 공부하려고 해외에 간다.",0
951,315 하이 반갑노. 난 메갈 등장 이후로 씹치천국 찌질내 기안내 범벅 한국어학 문학 존나게 싫어서 성적이 재기따라 마포대교 갔다 이니야~ 병신 국문과 한남충들 돈도 없고 키작고 못생기고 개찌질이들 주제에 입만 살아서 나불나불 한남문학들은 또 어찌나 개빻이고 여성관 좆창인지 노무 괴로웠노,1
952,혐혼혐출산 힘조! ^느^,1
953,내 생각에는 고양이인 것 같아.,0
954,앵나 멋져 ,1
955,자수 안하고 여기서 글이나 싸지르고 난리노 좆팔놈아,1
956,ㅋㅋㅋㅋㅋㅋㅋㅋㅋㅋㅋㅋㅋㅋㅋㅋㅋ 부랄도 얼마나 좆만하면 톡 톡 터지노,1
957,누가아니라노 일 그지같이하니까 혼나지,1
958,이번 주 농구 연습에 안 가서 팀에서 쫓겨났어.,0
959,저는 늦게 자고 일찍 일어납니다.,0
960,바로 갈게.,0
961,식사하고 30분 후에 이 약을 드세요.,0
962,피아노를 잘 치신다고 들었어요. ,0
963,저희 은행에 계좌를 갖고 계신가요? ,0
964,선생님은 결과보다 과정을 강조하셨어.,0
965,대단한 뉴스라는 게 뭐야?,0
966,불을 끄고 라디오를 켜라.,0
967,높이 나는 새가 멀리 본다.,0
968,무슨 일이 있었는지 설명해 주시겠어요?,0
969,"봊나게 인정하노. 나도 창조주랑 있다보면 항상69우울69 해지거나 쳐쳤었노. 개돼지친구는 끊을수는 있어도 가좆들6969은 아니잖노. 아무 발전없이 개돼지생활만 계속하고, 그것이 묻어있는 생각, 행동을 하는 사람과 같이하다 보면 옮는 게 당연했노. 물론 소추관잦은 재기가 답이노. ",1
970,고마움을 모르는 한남충은 척살이 답이노,1
971,형냐 목욕탕 가서 젊은 여자 없다고 투덜대려고 그고생한거야?,1
972,이 생선 엄청 짜네.,0
973,밥 좀 더 드실래요?,0
974,한국의 전통적인 놀이에는 뭐가 있나요? ,0
975,이거 얼마예요?,0
976,퓰리처상 사진부분 수상가야하노,1
977,여자가 두 명 있어요.,0
978,몇 가지 좋은 소식이 있어요. ,0
979,그녀는 가정적인 남자를 찾고 있다.,0
980,그는 생일 전날 죽었다.,0
981,저는 양의 해에 태어났어요.,0
982,건강한 생활의 기본은 무엇인가요?,0
983,ㅋㅋㅋㅋㅋㅋㅋㅋㅋㅋㅋㅋㅋㅋㅋㅋㅋㅋㅋㅋㅋㅋㅋㅋㅋㅋㅋㅋㅋㅋㅋㅋㅋㅋㅋㅋㅋㅋㅋㅋㅋㅋㅋㅋㅋㅋㅋㅋ,1
984,그 사람 전화는 왜 항상 통화중이야?,0
985,그 사람을 보니까 이상한 감정이 들더라고.,0
986,노무멋지다,1
987,이 방에 들어올 때는 슬리퍼를 신으세요.,0
988,이번 역은 종각역입니다. 내리실 문은 왼쪽입니다 ,0
989,더 이상 못 먹겠어.,0
990,진짜 여자답느....,1
991,포도가 너무 시어.,0
992,그는 우연히 알려지지 않은 동물을 발견했다.,0
993,회의가 언제 끝날 것 같아요? ,0
994,봊풍당당하고 멋지노,1
995,펄-럭,1
996,그것 참 안됐네요.,0
997,껌이 머리에 붙었어.,0
998,저 사람 좀 보세요.,0
999,"너무 싱거우면, 소금을 넣어라.",0
1000,보지는 뭐든지 할수 있노. 사업꿘 워추노,1
1001,앱의 축 처진 부랄같은건 재기로 해결이노,1
1002,신기하노. 빨리 난자끼리도 수정하는게 상용화 됐으면 좋겠노. 그러면 미개한 x'는 빨리 멸종하겠지. 근데 남과학자때문에 늦게 되는거 같노. 좆놈들이 지들 멸종할까봐 두려워서 연구 안하는거 같노,1
1003,껄껄 깔끔하고 확실하게 요약 잘했노,1
1004,혹시 아직도 영어 단어 공부 뭐할지 찾는다면 네이ㅡ버 영어사전에서 단어장들어가서 중고교단어같은거 공부해라 be나 has같은 쉬운단어들도 뜻 달려있고 중 고교 학년별로 나뉘어져서 공부하긴 쉬울꺼다,1
1005,무서운 영화 봤어요? 하나도 안 무서웠어요.,0
1006,기름 가격이 또 올랐네.,0
1007,나랑 테니스 칠래? ,0
1008,양좆이랑 나란히 놓고보니 자짓섶에 아무것도 없는거 되게 이상하다,1
1009,"토이는 양좆 손으로 서비스 받고싶다 마사지 20~30분 받다 토이 15분 으로 서비스 마무리하면 피로가 싹 풀릴거같노 ㅋㅋ그리고 술은 와인이나 한두잔 마시는데 간단한 치즈,과일 안주에 와인 한잔씩 팔면 좋겠다 술 ㅂㄹ안좋아하고 목적은 양좆 주물거리러 가는거니ㅋㅋ 와꾸좆창난 놈들 데리고 좆같은 술만 오지게 팔아먹는 한남호빠처럼 가성비 술로 분위기 지저분해지는것도 싫고 자댕이들 술쳐먹으면 발기부전오고 술배만 나오니 술은 와인이나 칵테일 위주로 파는게 창남관리에도 ㄹㅇ 좋을듯하노 ㅋ",1
1010,워추다 이기 ,1
1011,축하한다 이년아 ㅋㅋㅋㅋㅋㅋㅋ슈스돼뿟노 퍄퍄 ^곰^,1
1012,그 사람은 쌀과 보리도 구별 못 한다.,0
1013,후팔ㅋㅋㅋㅋㅋㅋㅋㅋㅋㅋㅋ나도 돌아왔놐ㅋㅋㅋㅋㅋㅋㅋㅋㅋㅋㅋㅋ^느^,1
1014,차가 지나가면서 물을 튀겼다.,0
1015,보토피아 ㅇㅊ다 이기,1
1016,후팔 이거 나도 가끔 기분 좆같으면 쓰는 방법인데 들켰노 ㅋㅋ,1
1017,어젯밤 피자 먹는 꿈을 꾸었다.,0
1018,6명씩 그룹으로 하세요.,0
1019,유용하게 쓰겠노 잘만들어서 감탄했다 이기,1
1020,띵문 또 보러 왔노 보지에 새기겠노이기 여자로 태어났으니 절대 평범하게 살지 않겠노 ,1
1021,아빠는 언제 돌아와?,0
1022,머한민국 똑똑한년들은 워마드 하는게 참팩트였노,1
1023,언제 떠나?,0
1024,한남 죽어!!! 차라리 양놈들이랑 겨체하고싶노 그래도 좆인건 똑같지만 눈이 좀 덜고통이다 이기,1
1025,바다가 보이는 조용한 방이에요.,0
1026,탈조해서 돈 많이 벌고 갓냥이 댕댕이와 행복한 라이프 살게 해주소서 보-멘,1
1027,자지크냐,1
1028,자수해라이기야 여기서 부랄 털어봤자 소용없노,1
1029,이 상자 어디에 놓을까요?,0
1030,응원하노,1
1031,대웃챙이노ㅋㅋㅋㅋㅋㅋㅋㅋㅋㅋㅋ 하여튼 자집애들은 지들 소추만한걸로 부랄발작하노 종특이다 이기야,1
1032,"너무 배불러, 더는 못 먹겠어.",0
1033,물 반 컵을 넣고 섞으세요.,0
1034,하버드 허벌이노ㅋㅋㅋㅋㅋㅋㅋ,1
1035,다음 해에 다시 한국에 올 거예요. ,0
1036,빵본자 성지순례왔노,1
1037,이기적이다 나댄다 말로 여성 억압하는 일 좆나 많았노 ㅋ 자신의 권리 챙기고 당당하고 능력을 보여준 건데 그거 못 참아서 자들대는 새끼들 좆나 많다 이기야,1
1038,내년에 발레 배우러 러시아에 갈 거야.,0
1039,"믿기 싫으면, 나 믿지 마.",0
1040,진짜 단세포인 거냐 좆팔ㅋㅋㅋㅋㅋㅋㅋㅋㅋㅋㅋㅋㅋㅋㅋㅋㅋㅋㅋㅋㅋㅋㅋㅋㅋㅋㅋㅋㅋㅋㅋㅋㅋㅋㅋㅋㅋㅋㅋㅋㅋㅋㅋㅋㅋㅋ,1
1041,깔깔 공기계 잇다 이기야 마음껏 남혐하겠노오오오,1
1042,하루에 담배를 얼마나 피우세요?,0
1043,문 잠그세요.,0
1044,피곤해 보이는데 잠시 쉬지 그래?,0
1045,같은 색으로 다른 것 좀 보여주세요.,0
1046,자댕이가 40년이나 살았다는 게 말이 되노 좆팔거. 빨리 안 죽고 뭐하는 짓거리노.,1
1047,다시봐도 숨막히노. 좆국은 미래가없다이기야. ,1
1048,크 대장님 본받겠사옵니다,1
1049,시간이 지나면 다 잊힐 거야.,0
1050,ㅇㅊ,1
1051,ㅇㅊㅇㅊ 봊멋이노 이련!! 복수잘했다 익이야!!!!,1
1052,꿀팁 ㅇㅊ,1
1053,이 바닐라 아이스크림은 내가 가장 좋아하는 맛이다.,0
1054,이 기계 고장 난 것 같아.,0
1055,왜 낮에는 별을 볼 수가 없지?,0
1056,휴지는 휴지통에 버리세요. ,0
1057,그렇습니다.,0
1058,김믁성 윾승민 이 좆팔새끼들 감히 킹혜한테 하극상하고 당깨고 온갖 지랄염병은 다 떨어대더니 쳐망해서 꼬시노,1
1059,영자 힘내라익이 늘 고맙게 생각하고있노 ,1
1060,"나한테 묻지 마, 그냥 대답해.",0
1061,새 상품을 계획하는 것이 제 일입니다. ,0
1062,마실 것 좀 드릴까요?,0
1063,고급식인 나련도 7-8만원대 향수 쓰노 ㅋㅋㅋㅋㅋㅋㅋ 개웃챙,1
1064,다른 사람과 같이 산다는 건 언제나 힘든 일이야.,0
1065,특히 마지막 노래가 좋았어. ,0
1066,그 옷 너랑 잘 어울리네.,0
1067,아좆팔ㅋㅋㅋㅋㅋㅋㅋㅋㅋㅋㅋㅋ이제와부럿노,1
1068,으따 조신하노 진짜 냄져노,1
1069,애비뒤진 이게 나라노 좆팔,1
1070,내 조국을 드디어 찾았노,1
1071,시발자드름오졋노ㅋㅋㅋㅋㅋㅋㅋㅋㅋㅋㅋㅋ코에 달고 다니라 이기,1
1072,넌 왜 안 갔어?,0
1073,유료회원만 볼 수 있는 댓글입니다.,1
1074,나는 ceo길 걸을거노 퍄퍄 그래서 임원들은 여자들로 싹 채우고 말단직원 커피타오는 잡일등은 다 냄져시킬거다이기야노 냄져는 20살부터 뽑고 25살에 짜를거노 그래도 회사가 봊나 잘돌아가기 때문에 월급이 쎄서 례쁜 자댕이들 못들어와서 안달날거다이기 상상만으로도 클리떨리노,1
1075,돈을 지갑에 넣어 다니세요?,0
1076,몹시 잠이 와.,0
1077,전부 맞는말이다 이기야,1
1078,2층에 약국이 있습니다.,0
1079,비혼이답이노 이기 ㅋ,1
1080,이 빨래는 몇 번 헹궈야 하죠? ,0
1081,한 시간 후에 수업이 있어요.,0
1082,봊나 멋지노. 해외지점 내는 것도 노무 좋은 생각같노. 계속 몸집 키우자 이기야,1
1083,봊띵문이노 소름.. ㅇㅊ 스크랩한다이기,1
1084,바람이 멈췄네.,0
1085,이잉잉 컴온 하는거 앙탈부리는거노? 완전 여우아니노ㅋㅋㅋㅋ,1
1086,이번달에 한남건물주한테 월세미루는 한이 있더라도 내겠다이기야,1
1087,ㅋㅋㅋㅋㅋㅋㅋㅋㅋㅋㅋㅋㅋ미러뤼우스의 띠노 ㄹㅇ이새끼들은 미러링으로 되갚는 중인줄도 모르고 남혐이 이만큼 심해졌다고 부랄떪,1
1088,멋지노,1
1089,인생 진짜 간지나게 사는년이노 정말 대단하다,1
1090,펄ㅡ럭,1
1091,ㅇㅊ 머모님 워딩만 수정 바라노,1
1092,ㅋㅋㅋ개오지네 계속 응원한다 이기야,1
1093,급식련은 어떻게 하노 광광,1
1094,영화는 형편없었지만 경치는 멋있었어!,0
1095,맞는 말이노 괜한 도덕 토르셋 따위 버리고 철저히 나만 생각해야 하노,1
1096,여성인권이 전세계적으로 얼마나 바닥이면 여자 상대로 돈버는 기업도 저모양이노 후팔 다 망해야하노 ,1
1097,앱친 봊나멋지노,1
1098,가방 속은 봤어?,0
1099,그러면 우리 금요일에 가요. ,0
1100,ㅋㅋㅋㅋㅋㅋㅋㅋㅋㅋ남자맞냐,1
1101,스크랩했다이기야. 한번밖에 없는 인생 남뜻대로 말고 내뜻대로 살거라고 결심하다가도 모부와 사회가 주입하는 불안때문에 그 결심이 burn burn히 무너지는데 그때마다 다시 읽을거노. '공짜로 얻은 게 아니기 때문에 사라지지 않는다'는 문장이 힘이 된다 고맙다,1
1102,그 은행은 저 건물 옆에 있어요.,0
1103,동영상 삭제했노? 주소 들어가도 동영상 없다 나오노 광광,1
1104,갈비 좋아하세요?,0
1105,하버드 웜년들이 지배한다이기,1
1106,그곳 날씨는 어때요? ,0
1107,ㄴㄴ지금 유충들 와꾸보면 20년뒤에는 상상도 못할만큼 더 빻아질거같노ㅋㅋㅋㅋ,1
1108,깔깔 힘조,1
1109,걸레창놈들 전부 재기시켜야 하노 ,1
1110,ㅋㅋㅋㅋㅋㅋㅋㅋㅋㅋㅋㅋㅋㅋㅋ 창놈들이 품평당하는 거에 왜 불만이노 그게 직업 아니노? ,1
1111,너는 날 얼마나 사랑해?,0
1112,.,1
1113,길 건너자.,0
1114,똑바로 서서 똑바로 말해 봐.,0
1115,어린이도 돈을 내야 하나요?,0
1116,으디서!! 잉?? 으디서 자댕이가 슨생님한테!! 한의사 슨상님한테 아가씨라고 입을 놀리노 으디서!!! 그냥 훅좆을 그냥 가위로 잘라버려 사부랄을 만들어 버려야 되노 건방진 한남충 새끼들 지 몸 고쳐주는 한의사 선생님한테 108 삼부랄배를 하지 못할망정 이기 이기,1
1117,키야ㅠㅋㅋㅋㅋㅋㅋㅋㅋ,1
1118,입금자 이름 신중하게 보냈노 어서 12시가 되길 바라고있노 희희 박정희,1
1119,??뭐가 문제인거노?,1
1120,"ㅋㅋㅋㅋㅋㅋㅋㅋㅋㅋㅋㅋㅋㅋㅋㅋㅋㅋㅋㅋㅋㅋㅋㅋ글 봊나 찰진다 ㅋㅋㅋㅋㅋㅋㅋㅋㅋㅋㅋㅋㅋㅋㅋㅋㅋㅋㅋㅋㅋ
",1
1121,나는 늘 옆으로 잔다.,0
1122,장선우 재기해!,1
1123,"자댕이들 여혐 더 힘조~~~~~! 이번 기회에 남은 코르셋, 흉자들까지 다 빨간약 먹자! ",1
1124,ㅇㅊ,1
1125,나는 그녀에게 운전을 가르쳤다.,0
1126,한번에 36개씩 시켜라.주둥이가 대빨 나온다이기,1
1127,ㄴ 공지보면 신고많이 먹은(10개) 댓글 작성 계정이 차단된다고 하노. 아이피랑 상관없는 것 같다이기야. 만약에 IP 수집하면 계정 여러개 파서 워추/소추 돌리는 것 자체를 못할텐데 말이노,1
1128,"너 약속 지키는 거, 난 한 번도 못 봤어. ",0
1129,이번에는 안 돼!,0
1130,나년에서 년 빼라 한남들이 나놈 너놈 거리는거봤노,1
1131,북유럽정자 구매해야겠노이기 빨리 한남국에도 도입안되노,1
1132,한 남자가 검은색 가방을 들고 있었다.,0
1133,이 프로그램은 어떻게 설치해요? ,0
1134,이번 달에 아기를 낳을 예정이에요.,0
1135,앱충한남뒤져,1
1136,이 식당은 음식을 정말 잘 해.,0
1137,너 가서 세수 좀 해야겠다.,0
1138,15분 안에 도착할 거예요.,0
1139,연대하겠노 ,1
1140,옆집 사는 부부 결국 이혼했어요.,0
1141,얼른 낫길 바랍니다.,0
1142,언제 시간 되세요?,0
1143,"zzzzzzzzzzㅋㅋㅋㅋㅋㅋㅋㅋㅋㅋㅋㅋㅋㅋㅋㅋㅋㅋㅋㅋㅋㅋ쒸이펄 니련이랑 나련이랑 같은 놈 만났노?
존나 오줌마려워서 그만하겠다니까 오줌 아니야 싸봨ㅋㅋㅋㅋㅋㅋㅋㅋㅋㅋㅋㅋㅋㅋㅋㅋㅋㅋㅋㅋㅋ
맨스플레인 클라쓰 오지고욬ㅋㅋㅋㅋㅋㅋㅋㅋ",1
1144,가족 모두가 감기에 걸렸다.,0
1145,이 사탕은 한 개에 100(백)원이다.,0
1146,크리스마스에 뭐 갖고 싶어?,0
1147,김치찌개에는 소금이 필요하다.,0
1148,"보지신이시여
고학력 고소득 비혼 비출산 이민
전세계 자지 척살
의 꿈을 모두 이루게 해주소서
워-멘",1
1149,길에서 그 사람과 내 눈이 마주쳤어.,0
1150,메시지 남겨 주세요.,0
1151,대단하노 이기,1
1152,제가 개인적으로 책임을 지겠습니다. ,0
1153,ㅋㅋㅋㅋㅋㅋㅋ이랬었구나 참나 사람일 존나 모르노,1
1154,나머지 세 강의는 각각 한 시간씩이야. ,0
1155,ㅋㅋㅋㅋㅋㅋㅋㅂㅅㅌㅊ아이디어다 이기,1
1156,즉 남자가 아무리 잘생기고 똑똑하고 강해도 그 우월한 스팩은 애비에게서 아들에게로만 전해지고 딸은 거기서 절대 이득을 얻지 못한다는거. 결국 아빠가 아무리 잘나도 딸은 아빠 하나도 안닮고 열등한 애미스팩만 닮아서 못생기고 못나고 열등하게 태어남. 여자는 못생기고 열등해도 번식하는데 지장이 없어서 못난애미가 번식하여 못난 딸을 낳았기때문에 딸은 잘난 아빠의 유전자는 1도 못받고 못난 애미의 유전자만 받기때문에 열등한 유전자는 대대손손 모계로만 전해지고 우월유전자는 대대손손 부계로만 전해짐.,1
1157,그 애미없는년들 없으면 택배뽀이 굶어뒤지노 이 병신새끼야 ㅋㅋ,1
1158,MVP 오셨는가ㅋㅋㅋㅋㅋㅋㅋㅋㅋㅋ 그나저나 한남대 한남들 다 재기안하고 뭐하고 있노???? 한남대의 수치다이기야. ,1
1159,이 고양이는 털이 아주 부드러워.,0
1160,잠자기 전에 이를 닦아라.,0
1161,내 말 좀 들어 봐.,0
1162,바닥청소 하게 저 테이블 좀 옮겨줄래?,0
1163,휴가 어떻게 지냈어? ,0
1164,신호가 녹색으로 바뀌었어.,0
1165,"명심하겠다 항상 내가 과민반응하는건가,,,요따위 마인드를 버리지 못하고있던 나년을 크게 후려치노...띵문엔 ㅇㅊ누르겠다이기",1
1166,그 영화에서 가장 좋은 부분이 뭐였어?,0
1167,노무딱 꿀팁이노 ㅋㅋㅋㅋㅋㅋ 해보겠다 이기야,1
1168,"여름에는, 차가운 수박을 먹는 것이 정말 좋다.",0
1169,어딜가든 한남만큼 재기수준인 놈들은 없노,1
1170,명불허전 한남. 군무새에 폭력충.. 동양여자 스테레오타입 강요.. 지가병신짓하고 사과요구..바닥이 어디까지노? ,1
1171,ㅋㅋㅋㅋㅋ그냥웃기노이기,1
1172,피해를 당한사람이 자기가 당한게 피해라고 인지하지못하고 오히려 자기가 이상한건가 하고 의심하게 만드는 모든 행동이 가스라이팅이다 이기,1
1173,난 순수한 이미지의 여자가 좋아.,0
1174,조금만 더 주세요. ,0
1175,100미터를 몇 초에 뛰세요? ,0
1176,이 단어 뜻 알아?,0
1177,펄럭,1
1178,"통찰력 쩌노..
웜 기초사상글로 등록해놔야할것같노
워마드의 기본 마인드 및 가치관 이런걸로.. ",1
1179,나는 일 년에 두 번 해외에 간다.,0
1180,휴지로 코를 풀어라.,0
1181,1996년 이전에는 한국에서는 초등학교를 국민학교라고 불렀다.,0
1182,라면을 너무 오래 두면 맛없어.,0
1183,ㅋㅋㅋㅋㅋㅋ재기,1
1184,라면 한 그릇 어때?,0
1185,그건 칭찬으로 받아들일게요.,0
1186,밖에 눈이 오나요?,0
1187,감사합니다.,0
1188,ㄴ 웃챙ㅋㅋㅋㅋㅋㅋㅋ,1
1189,"나는 남잔데 고추 자르니까 진짜 편하다 성욕 1도 안생김
관음한남아 고추 셀프커팅하자 이기야!!!",1
1190,나는 허리가 길고 다리가 짧다.,0
1191,나는 와인 한 병을 다 마신 후 운전을 했다.,0
1192,분명히 내 몸은 선진국에 있는데 내 몸은 좆국이노. ,1
1193,혜안과 나는 결혼한 지 3개월 되었다.,0
1194,빌리 진은 내 애인이 아니에요.,0
1195,"어느 자댕이가 지는 나에게 잘해줄 것이고, 여자가 남자보다 우월해서 어차피 여성 상위 시대 올 것이니 신경 끄고 우리만 잘 살자 하더노. 그게 바로 방관자를 늘리려는 교묘한 수법이라는 생각이 드노. 물론 그 자댕이 말만 그렇게 하지 여혐 오진다. 나를 얼마나 만만하게 봤으면 저딴 말에 속아넘어갈 거라 생각한거노. 한남은 지가 만족하면 그게 상대방에게 잘해주는 거라고 생각하는 것들이노. 여자를 노예로 인식하기 때문에 가능한 사고방식.",1
1196,"시간 안에 갚을게, 물론, 현금으로.",0
1197,정자 들이미는 족족 염산테러하고 재기시키려고 질액 나오는 거다 이기 <<말하는 거 개웃챙이노ㅋㅋㅋㄱㅋㅋㅋㅋ 글본김에 나도 한남 목구녕에 염산테러하고십노이기,1
1198,그 아이는 사탕을 빨고 있었다.,0
1199,더 이상은 안 돼. 최대한 빨리 가고 있다고.,0
1200,죄송하다고 틱 던지면 끝이냐 이 좆같은새끼야 재기해,1
1201,원래 자지값은 똥값이라 인기가 없어. 그대로 고독사하는 쀼젤^오^,1
1202,"아직 기사도 안났노? 좆팔. 아무 죄없는 사람 몰카찍었는데다가 성추행까지 했으니까 홍본좌때처럼 수사해라.
빨리 포토라인 세워라.",1
1203,아 동문만나니 흥분되노. 살남욕 드릉드릉하노 깔깔 조심해라 냄져들아,1
1204,나는 수업 태도가 좋지 않았어요.,0
1205,내 여동생은 나랑 성격이 반대예요.,0
1206,오 좆노 의견반영이 된 거노 노무딱 감격했다 이니야 항상 고생많노 건강식품 군무군무 잘챙겨먹어야한다 이기,1
1207,자장면은 정말 인기 있는 중국 음식이야. ,0
1208,관리자 성님이 필요한 게 무엇이든 도울 것이노 힘내라이기,1
1209,고기 먹으러 가자.,0
1210,그녀의 눈이 진짜 마음을 나타내고 있었다.,0
1211,ㅋㅋㅋㅋㅋ봊나 웃기노,1
1212,"같이 갈래? - 어, 그래.",0
1213,아 댓글도 흑좆나 웃기놐ㅋㅋㅋㅋㅋ한번 입어봐야겠다 이기야 깔깔,1
1214,"나는 스트레스 받으면 속이 쓰리다 못해 아리노. 생각 안하려고 해도 그 상황이 머리에서 빙빙 돌아서 스트레스 받은 일에 대해서 하루정도는 꼬박 생각하노. 나는 내가 생각하고 싶지 않은데 계속 생각하게 되는 게 내가 담대하지 못해서라고 생각했노. 대장같지않게 웃으며 넘겨버리지 못하는 내게 짜증이 났노. 근데 나는 보지답게 항상 어떤 교훈을 찾아내노. 개돼지들처럼 술마시고, 클럽가고, 시발비용으로 쓰는 일은 전혀 안하고 생각하고 생각해서 늘 어떤 교훈을 찾고 꺠달았노. 이걸 알게 되니 이제는 예민한 나 자신이 대견하고 좋노. ",1
1215,왜 남자만 지원해주냐? 차별개쩌네 이런 게 진짜 차별이지 부랄쾅쾅 찧을 놈들아,1
1216,고마워. 진짜의사가 귀한세상이다.,1
1217,관잦들 노예근성 있어갖고 기어 들어와가지고 후장 대주고 싶어한다 이기야,1
1218,저는 매일 수십 통의 스팸 메일을 받아요.,0
1219,ㅋㅋㅋ내얘기노 ^오^ 다들어본 쀼젤,1
1220,워마드 홍보자료로 노무딱 좋겠노,1
1221,장관길걸으려면 몸관리 잘해야하노. 잘먹고 운동도 하고 나중에 소식또 들려주라이기야,1
1222,아이들이 놀이터에 모였다.,0
1223,판다가 주로 뭘 먹는지 알아?,0
1224,조신남이 제일 좋더노ㅋㅋㅋㅋㅋㅋㅋㅋ,1
1225,그 일을 마치는 데 시간이 많이 들었어요.,0
1226,워추다 이기ㅋㅋㅋㅋㅋㅋㅋㅋㅌ,1
1227,다리를 건너자.,0
1228,자꾸 물어보지 마.,0
1229,봊빠지게 현생 힘주겠노 당장 필사한다 이니야 ,1
1230,씨팟ㄴ 그켬,1
1231,워ㅡ멘,1
1232,혜안이 전화했었다고 전해 주세요.,0
1233,모두 다 왔을 때 파티는 거의 다 끝나 있었다.,0
1234,후팔 ㅋㅋㅋㅋ빵본좌에 니플패치에 ㅋㅋㅋㅋㅋ 드립6빵9터져뿟다이기야 축제노 단스단스,1
1235,저는 하루에 두 번 샤워를 해요.,0
1236,ㅋㅋㅋㅋㅋㅋㅋㅋㅋㅋㅋㅋ 추억돋노 ,1
1237,그리고 애비뒤진 ; 쓰지 말아라 이기야 ,1
1238,이거 전에 올라왓던 글이노,1
1239,폭염오길래 일부러 정수기 놔두고 생수 시켜먹었는데 탁월한 선택이었노 낄낄낄,1
1240,고생이 ㄹㅇ 많노 관리자야,1
1241,ㅋㅋㅋㅋㅋㅋㅋ 봊나 멋있게 보지답게 알려져있노ㅋㅋㅋㅋㅋㅋㅋㅋ 일베는 좆나 찌질한 놈들로 해외에 뿌려야되노,1
1242,요즘은 거의 모든 가정에 인터넷이 연결되어 있어요. ,0
1243,"여자들이 진화의 방향을 결정하는게 가장 큰 문제라고 봄. 남자들이 우월한걸 좋아하는 여자들이 진화의 방향을 결정하니까 냄져들만 우월하게 진화하는거임. 반대로 보지들은 같은보지한테는 보적보 해서 같은 여자들은 또 열등하게 진화하게끔 만듦ㅋㅋㅋㅋ 결국 위대한 번식능력이니 진화의방향을 결정할 능력이니 해도, 결국엔 지들도 여자면서 남자들 좋은일만 시켜줌ㅋㅋㅋㅋ 지들도 여자면서 자진해서 남성젠더만 더 우월한 젠더로 만들어줌ㅋㅋㅋㅋ 같은 여자는 오히려 유전자 퇴화하게 만들어버리고 남자유전자만 개량해서 업그레이드 시켜줌. 결국 미래의 여자후손들한텐 ^보적보^해서 열등하게 태어나게 만들어버리고, 미래의 냄져후손들한텐 ^보돕자^해서 우월하게 태어나게 도와주는부분ㅋㅋㅋㅋ 그래놓곤 지들이 보돕보 했다고 믿겠지ㅋㅋㅋㅋ 실제론 보적보, 보돕자나 한 주제에.^^ 애-잔~ 미래의 여자후손들이 꼭 니년들을 원망할거다ㅋㅋㅋㅋ왜 우리만 이렇게 열등하게 낳아놨어ㅠㅠㅠㅠ이러면서ㅋㅋㅋㅋ냄져들은 지들만 잘나져서 존나 행복해하고ㅋㅋㅋㅋ여자들은 안그래도 남자보다 열등하단 소리 들으며 사는데 미래에는 남자들이 여자보다 외모마저 더 우월해지고 지능과 힘의 격차는 더욱더 커지니 더욱더 열등하단 소리 들으며 살겠네. 남성우월주의 더 심해지겠네. 여혐과 싸운다면서 남성우월주의 더 커지는데만 기여한 대~단한 웜퇘지년들 축하해!^^ 큰 일 이뤄냈어!^^ 여혐만 없어지면 뭐하나 남성우월주의가 안없어지는데;;ㅋㅋㅋ 어떤게 지들한테 진정한 손해인지 이득인지도 모르는 멍청한년들. 이래서 멍청한년들이 신념을 가지면 무섭습니다!ㅋㅋㅋㅋㅋㅋㅋ",1
1244,수영장 주위를 그렇게 뛰어다니면 안 된다.,0
1245,경찰이 잡으려고 발버둥칠수록 여자들은 더 분노할 것이노. 운영하는 것도 봊빠지게 힘들텐데 감히 좆국이 대인님을 물고 늘어지노? 끝까지 같이 싸우겠노 ,1
1246,지노 다리핏보소 ,1
1247,이거 어떻게 그렸어?,0
1248,나는 베토벤을 제일 좋아해. ,0
1249,그의 모습은 어둠 속으로 사라졌다.,0
1250,머리 말릴 수건 있어?,0
1251,병재 눈치 깠으면 재기하라이기 왜 자릉내나게 얼쩡거리노,1
1252,낚시는 제 유일한 취미예요.,0
1253,당신이 돈 벌면 내가 아이 볼게. ,0
1254,앵나 멋지노이련,1
1255,그렇지만 당신한테 잘 어울려요. ,0
1256,글 정독하고 또 읽었노. 봊나 띵문이노. 탈조해서 양국사는데 나도 너련같은 경험 겪으면서 나는 내자신이 좆나 한심하고 얼마나 머국 가치관 습관에 아직도 메여 있는지 깨달았노.너련 글읽고 다시 한번 환기시키고 보지대장으로 사는거 실천할꺼노,1
1257,3번 ㄹㅇ 웜머장님이라 생각한것이노 내 주변련들도 머장님 덕에 다 빨간약 먹엇다 이기 ㅋㅋㅋ,1
1258,어느 부분이 제일 아프세요?,0
1259,와! 너희 집에 수영장이 있다며? ,0
1260,낯선 사람이 우리 동네를 돌아다니고 있었다.,0
1261,혐무 혐오스럽노,1
1262,우리는 그냥 친구일까? 아니면 연인일까?,0
1263,조언보태자면 담고자하는 내용이 많다보니 제목/본문/강조대로 폰트을 바꿔서 가독성이 좀 재기했노 확실하게 두개정도씩만 넣고 사진 여러장 넣을때 사선으로 넣는건 비추다이기야 그래도 노무현 잘만든 쀼젤 ㅋ,1
1264,한남충들 종특이 협박 아니노 ㅋㅋㅋㅋ 역으로 한남무추들 실체밝히자 이기야,1
1265,가스라이팅 효과 오지노. 적용하겠다 이기야. ,1
1266,아이디어꿘은 ㅇㅊ다 이기얔ㅋㅋㅋㅋㅋㅋㅋ봊웃ㄱ놐ㅋㅋㅋㅋㅋㅋ,1
1267,이 신발은 손님을 5센티미터 커 보이게 만들 겁니다.,0
1268,아이큐 높을수록 혼자 잘지낸다는 연구결과있노,1
1269,여기서는 사진을 찍을 수 없습니다.,0
1270,종이를 반으로 접어라.,0
1271,"장인년들이 하나만 만들어도 워마드 우주대스타 된다 이기야 깔깔깔
나년은 그래픽카드 사서 깔아야 되는데 중급식이라 돈이 부족하노. 얼른 애비 털어서 돈 모아야겠노.",1
1272,ㅋ,1
1273,"냄재가 조신하지 못 하게 다리를 벌리다니?
성님 그럼 제가 한번 ^^",1
1274,흉자니 어쩌니 패도 일단 사람만 챙기는거다,1
1275,오래 기다리시게 해서 죄송합니다.,0
1276,만들다가 시력손상온건 아닌지 걱정된다후팔ㅋㅋㅋㅋ,1
1277,글 개재밌노 ㅋㅋㄹㅋ,1
1278,감기 조심하세요.,0
1279,여기서 기다릴게.,0
1280,잠시만. 종이하고 연필 가져올게.,0
1281,다 너 때문이야.,0
1282,나는 쉬는 시간에 주로 소설을 읽는다.,0
1283,수업 중에 떠들지 마라.,0
1284,관상이 더 이상해졌노 이기 눈빛도 티미하고,1
1285,ㅋㅋㅋㅋㅋㅋㅋㅋㅋㅋ웃챙이다 이기,1
1286,ㅇㅊㅇㅊ,1
1287,내일 저녁에 뭐 하세요?,0
1288,봊나 똑똑하노. 저얼대 락스로 따라하지 않겠다이기야,1
1289,나는 고통을 참을 수 없었다.,0
1290,아 안하려고 노오력은 해보겠노. 근데 원체 손가락이 내말을 안들어서 장담은못하겟다이기,1
1291,봊대장님 존경하노 이기야~,1
1292,내게 생체딜도와 같은 와꾸를 들고 오던가 or 하룻밤 장난감이 되어줄 수 없다면 돈만 내고 꺼져 ,1
1293,나중에 보자.,0
1294,그녀는 그를 처음 만났을 때부터 그를 좋아했다고 말했다.,0
1295,이거보고 관잦놈들 앵 쫄아서 자살하겠노 글로 한남충 죽인거 축하한다이기야^노^,1
1296,sgsgsv,1
1297,대장 쫄지마라이기.심려끼쳐 죄송하단말만 반복(조현민머장 참고)하고 변호사오기전까지 입열지마라.강압적인 수사할 시에 절대 입열지말고 협박죄로 맞고소하라이기. 구속수사인 이유도 납득할 수 없다이기.,1
1298,ㄴ886/ 너가 갓치라 같은 보지를 보면 맘이 약해지는 것 뿐이노. 그냥 여성으로서의 동질감 같은거 읶잖노. 진정한 야망보지는 여자들한테 미움받을 용기도 있어야하노. 마음 단단하게 먹길 바라. 그리고 너의 가치를 모르고 ㅎㅌㅊ처럼 널 대하는 흉자는 그냥 싹을 자르길 앙망하노. (내가 흑좆나 당해봄ㅗㅗ) 우리같이 네 가치를 인정하고 소중하게 생각하는 사람은 너한테 절대 그렇게 대하지 않노. 흉자는 품어봤자 이미 죽은 달걀이라 부화 안하노. 사람 사이에선 흉자 거르고 네 곁에 갓치만 남기는 용도로만 까칠하면 되노,1
1299,지금 몇 시야? - 세 시 반.,0
1300,이기 정보고맙다 이기야 ^^,1
1301,벽에 그림이 걸려 있다.,0
1302,혐웜..,1
1303,이쪽으로 오세요.,0
1304,많은 한국인들이 추석에 고향으로 간다.,0
1305,사람이 아닌데 왜 말을하지? 수준이노 조팔,1
1306,펄-럭,1
1307,몇 층 가세요?,0
1308,"마스크 필터 어디서 샀는지 알려줄수 있노?
M60928K 검색하니 그린릴베 구글 다 안나오노",1
1309,좀 더 천천히 말씀해 주세요.,0
1310,이 강의에서는 노트에 적어도 됩니다.,0
1311,팡민이 칭찬으로 후장 센조이 함 해줘야되지않겠노 ㅋ,1
1312,민기 직수 모두 동사가 되었노 ㅋㅋㅋㅋㅋㅋㅋㅋㅋ,1
1313,우리애비다 입고 다니는거노 ㅋㅋㅋ,1
1314,"최시원 개가 사람 물어죽였어도 그 개 안락사도 안시키고
본인 sns에 웃고있는 사진 올리고 ...냄져 연예인 하기 존나 편함 ㅋㅋ
그에 비해 슈퍼맨이 돌아왓다에 윌리엄네 엄마는 강아지한테 장난감이라고 했다가
욕이란 욕은 다 먹고 인스타 닫아놓은상태 후팔 여자한텐 오조오억배 엄격한 한남민국 퉤",1
1315,입맛돈다 이기야ㅋㅋㅋㅋ 꼬막은 6꼬추 막돼먹은 놈9 어떻노 ,1
1316,저새낀 왜 혼자 부랄발작하노 똥내 오져벌임,1
1317,모자를 벗는 게 어때? ,0
1318,육신도 쥐포같은데 서구 문물까지 빗장건 하응이 보고 있니? 응 다 니같은 한남들만 남아서 좆같이 굴고 있노 ^느^,1
1319,그 소식에 그녀의 표정이 밝아졌다.,0
1320,양남이랑 섹스하고싶다 좆팔,1
1321,영어 교과서 10페이지를 펴세요.,0
1322,임신출산이란 희생을 하는건 여잔데 예쁜외모로 태어나는 혜택은 왜 남자가 누려? 임신출산이란 희생을 하는건 여잔데 예쁜외모로 태어나는 혜택은 왜 남자가 누려?임신출산이란 희생을 하는건 여잔데 예쁜외모로 태어나는 혜택은 왜 남자가 누려?임신출산이란 희생을 하는건 여잔데 예쁜외모로 태어나는 혜택은 왜 남자가 누려?임신출산이란 희생을 하는건 여잔데 예쁜외모로 태어나는 혜택은 왜 남자가 누려?임신출산이란 희생을 하는건 여잔데 예쁜외모로 태어나는 혜택은 왜 남자가 누려?임신출산이란 희생을 하는건 여잔데 예쁜외모로 태어나는 혜택은 왜 남자가 누려?임신출산이란 희생을 하는건 여잔데 예쁜외모로 태어나는 혜택은 왜 남자가 누려?임신출산이란 희생을 하는건 여잔데 예쁜외모로 태어나는 혜택은 왜 남자가 누려?임신출산이란 희생을 하는건 여잔데 예쁜외모로 태어나는 혜택은 왜 남자가 누려?임신출산이란 희생을 하는건 여잔데 예쁜외모로 태어나는 혜택은 왜 남자가 누려?,1
1323,저는 심지어 이 기본적인 단어들도 몰라요.,0
1324,가장 최근에 읽은 책이 뭐예요?,0
1325,웃챙이노ㅋㅋㅋㅋ 마 창놈아 사람님 오줌받이 해주니까 좋노?,1
1326,"이번시위 여초화력도 많이 섞였더라 이기
그게 좋은거겠지만 다음엔 남충 데려오지 말라는건 동의 ㅇㅇ",1
1327,니가 원한다면 그거 할게.,0
1328,머학생인게 한스럽노 팀을 꾸릴 때 뭔가 도움이 될 수 있는게 있다면 다시 글 올려주길바라노 광광 1000만원 ㅋㅋㅋㅋ 야이 견찰좆놈의 소추새끼들아 천만원이 아니고 1억 모을거다이니야 ㅋㅋㅋ ^문^ 운영자야 멘탈 잘 챙기고 건강 챙기고 모금 열면 흑좆나 내가 보낼 수 있는 최대 금액으로 보내겠노 애비 통장 이럴 때 털라고 있는거 아니겠노? 운영자야 이건 운영자 개인의 문제가 아님을 알고있을거다 여자 죽이기의 시작이다 절대로 지지않을거노 우리는 이기고말거노 인력 가능한 년들 꼭 동참해서 모금 빨리 열어주길 바라노 ,1
1329,누나는 엄마랑 닮았다.,0
1330,어떤 음식을 즐겨 먹어요? ,0
1331,이 시간이 모두 함께 모일 수 있는 좋은 기회야.,0
1332,동작그만 할만하노 먹이가 들어오는데 탐색하겠지,1
1333,대장님 퍄퍄,1
1334,"한때 차윾람 냄충 책 읽고 ^동서고금의 명문가의 공통점은 학교나 집안에서 인문학 교육을 뻑적지근하게 받는다는 거다 그러니까 나같은 서민도 그들을 본받아서 인문학 고전을 읽어야지^ 마음먹으면서 그 ^추천도서(지는 정작 다 읽었는지도 모르겠노)^ 목록에 있는 것들 꽤나 사들였는데, 그런건 다 어설픈 커족 코스프레에 불과하며 그 코스프레의 말로는 개돼지행이라는 걸 지금 깨달았노. 다소 세련된 개돼지 말이노. 물론 ㅎㅌㅊ 똥양 지역 중에서도 ㅆㅎㅌㅊ인 헬조선에서 ^커족교육^ 콩고좆나게 시켜봐야 그 특유의 여유스러움이나 시혜심이 생길 리도 없겠지만 말이노",1
1335,ㅇㄱㄹㅇ 이딴 병신같은 사회에서 평온하게 살아가는게 정상인줄 아는 쀼젤 ,1
1336,함께하겠노. ,1
1337,모금가자이기,1
1338,ㅇㅊ,1
1339,"안녕하세요 시위에 나가신 워마드 회원분들을 인터뷰를 하고싶습니다. 차비별도, 사례비(15만원)드리며 모자이크,음성변조,비밀보장드립니다. https://open.kakao.com/o/stFXjeW 연락주세요.^^845",1
1340,지금은 기다리는 수밖에 없어.,0
1341,그쪽으로 가는 버스가 있나요?,0
1342,자아에서 상순이냄새나서 싫다이기,1
1343,이래서 유충낙태는 에티켓이노 ,1
1344,거의 끝나갑니다. ,0
1345,운동장에서 뛰고 있는 저 여자 애 말이야?,0
1346,초반에는 빡쳤는데 후반부 갈 수록 봊웃돼다가 마지막에 웃챙터졌노 ㅇㅊ준다 이기야,1
1347,수고가 많노 화이팅해라 ,1
1348,오늘은 테니스 칠 힘이 없어.,0
1349,이 근처에 사니?,0
1350,통찰력 ㅇㅊㅇㅊ,1
1351,ㅇㅎㄴㅎㅍㄴㅎ,1
1352,어 이거씹ㄹㅇ 우리학교도 그랬음 뻥이 아니라 ㄹㅇ 학교에서 성적 상위권만 커다란 자습실에 모아놓고 공부시키는데 거기 전학년 8줄중에 남자 1줄... 그리고 장학금받을때 남자수가 너무 적으니까 남성할당젴ㅋㅋ해가지고 내친구ㅈ상 못받아서 빡쳐서 운적있어,1
1353,아직도 혼자 집을 청소하세요?,0
1354,손 들어!,0
1355,봊대장 봊나 멋있노,1
1356,ㅋㅋㅋ그런 식으로 말하면 보지가 무기력증 느낄줄 아나봄? 응 아니야 인생 존나게 달라졌어~ 우선 주변에 빻은 자지새끼들 다 살처분하고 다니니까 피해볼 일 1도 안생기고 존나 크린~ 개소리하면 바로 맞대응하니까 정신적 사트레스 다 풀림~^^ 보지 까면 지들도 똑같이 까인다는걸 알았는데 달라진게 없긴 개뿔ㅋㅋㅋㅋㅋㅋ ,1
1357,^^7,1
1358,거기 가운데 앉아라.,0
1359,그 사람 아마 늦을 거야. 새벽 네 시까지 깨어있었거든.,0
1360,나도 정말 배가 고파.,0
1361,안으로 들어오세요.,0
1362,관리자 성님 매번 고맙노,1
1363,"https://open.kakao.com/o/ghQfUcQ
톡방만들었어 들어와라 이기",1
1364,맞노 가만두라이기야노,1
1365,병신새끼들ㅋㅋㅋㅋ싹다재기따라가야겠노,1
1366,나는 보통 일요일 아침에는 아침도 안 먹고 늦게까지 잔다.,0
1367,요령 잘 터득해서 한남충한테 앵나 해줘야겠노 뒤져라,1
1368,무슨 회사 남자들이 뭘 다 도와주는데? 뭐 집사줌? 차사줌? 립스틱 하나라도 사줌? 냄져들이랑 연락해바짜 암바께 더걸림?,1
1369,흑좆팔 내가 그랬노 보지 때리고 반성하노,1
1370,나는 아침에 늦게 일어난다. 왜냐하면 할 일이 없기 때문이다.,0
1371,ㄴ ㅂㅁㄱ좀해라 이기야노,1
1372,나는 낮에 자고 밤에 일어난다.,0
1373,행갓치는 워추야,1
1374,이 새로 산 치마 어때? ,0
1375,봊멋이노 그래서 결과가 궁굼허노!!!!,1
1376,치약을 중간부터 짜지 마라.,0
1377,여러 나라를 여행하고 싶어. ,0
1378,팩폭 지렸따,1
1379,맘대로 해봐라 이기ㅋㅋㅋㅋㅋㅋㅋㅋㅋㅋㅋㅋ 나라 망조에 기름 부어주노,1
1380,비를 맞으며 걸었더니 감기에 걸린 것 같아.,0
1381,초대녀 받노? ㅋㅋㅋㅋㅋㅋ,1
1382,저희는 아이가 하나 있습니다.,0
1383,워친ㅋㅋㅋㅋㅋ돌로 불피우는 법 궁금하노 ,1
1384,ㅋㅋㅋㅋㅋㅋㅋ 쫄았노. 이기이기 부랄 떨어지겠네.,1
1385,이분이 우리 영어 선생님이세요.,0
1386,리얼한 후기노,1
1387,조심해서 배에서 내리십시오.,0
1388,ㅋㅋㅋㅋㅋㅋ필력 미쳤노 ㅋㅋㅋ,1
1389,그러니까 자꾸 양말에 구멍이 나지. ,0
1390,웜 운영자는 진짜 상줘야된다... 내 밥값 다털어서라도 맛난것들 잔뜩 먹이고싶노ㅠㅠ,1
1391,구에에ㅔ에에에엑,1
1392,"우리나라 여자들이 저럴리가 없어..!!쒸익쒸익,,,,",1
1393,멋잇는련들 ㅋㅋㅋㅋㅋㅋㅋㅋㅋㅋㅋㅋㅋㅋㅋ,1
1394,크으 머모님 멋지시노,1
1395,"니들이 아무리 남자가 여자보다 염색체가 열등하네 XY가 아니고 X'이네 하고 우기고 남자 비하해도 결국 남자가 여자보다 힘지능외모 전부 다 우월하게 진화한다면, 남자가 여자 힘/지능/외모 전부 다 학살한다면 아무리 남자 비하해봤자 그래봤자 사람들 눈에는 남자가 여자보다 더 우월해보임. ",1
1396,멋글보니 조팔웃기노 ,1
1397,아내가 어젯밤 아들을 낳았어.,0
1398,내가 싫어하는새끼들 다 재기해서 좆되게 해주고 나 잘되게 해주세요 펄럭 보ㅡ멘,1
1399,삶의질 ㅅㅌㅊ 됨 ㅋㅋ,1
1400,개웃ㅋㅋㅋ,1
1401,맞노ㅋㅋㅋㅋㅋ 대학생활에서고 능력 좆나 없는 새끼들이 여기저기 붙어먹으면서 기생하더노. 혼자 밥 먹을줄도 몰라서 벌벌 떠노. ,1
1402,웜영자 힘조! 휴가 잘 보내고 오라 익이,1
1403,부인은 어디 계세요? 같이 안 오셨어요?,0
1404,rgfsdgfsdgfdsgfdsdgfd,1
1405,오늘 '누가 내 치즈를 옮겼을까?'라는 책을 읽었다.Saya memutuskan untuk berhenti merokok tahun ini.,0
1406,이 치약은 딸기 맛이 난다.,0
1407,이거 커뮤에 퍼갈 수 있냐? 이런걸 계속 퍼날라야함. 솔직히 여자들만 똥꼬충 버리면 자지들은 알아서 자적자한다.,1
1408,빨딱 자수해라 이기,1
1409,"좋아, 하지만 이번 한 번만이야. ",0
1410,외국에서 태어났으면 좋았을 텐데.,0
1411,어렸을 때는 목욕탕에 잘 다녔다.,0
1412,남자들만 있는 곳에 가면 나는 홀애비 냄새 = 좆밥냄새,1
1413,"실례지만, 한국 호텔이 어딘지 아세요?",0
1414,그래도 자아성찰 되는 자지들이였나 보노 원래 같았으면 6냬 쟹댸먠 쟬섕걨쟤~9 이 말 꼭 나오는 젠더,1
1415,먼지같은 꼬츄 흔들면서 부랄발광하는 한남 생각하니 웃챙이라 이깈ㅋ,1
1416,당장 차 세워!,0
1417,+ 그리고 이렇게 쳐맞는게 기분이 나쁘노? 부정 말아라 넌 확실히 개돼지노. 동의 하지 않으면 반대 의견 남기는게 정상이노. 반대 댓글 하나 남기지 않고 그대로 자들거리고 있으면 그 자체가 넌 이 글 내용에 찔린다는 거다 이기야. 그냥 나가서 6마음 편하게9 커믂가서 놀아라. 니가 온 커믂이 6렏펨9이든 아니든 머가리가 개돼지인 년은 여기 못끼노.,1
1418,이 땅 누구 거야?,0
1419,보지답노 봊풍당당하게 한남들 재기시키라이기,1
1420,개꿀 ㅋㅋ,1
1421,ㅇㅊㅇㅊ ,1
1422,워추!!!!!!!!!!!!!!!!!!!!!!!!!!!!,1
1423,나 오늘 방학 숙제를 해야 해 .,0
1424,담배를 계속 피우면 젊은 나이에 죽을지도 몰라.,0
1425,장난이 지나치시네요.,0
1426,ㅇㄱㅆㄹㅇ 이노 원래모습이다익이 ,1
1427,의자가 열 개밖에 없어요.,0
1428,펄-럭,1
1429,일본어 공부는 잘 되고 있어요? ,0
1430,이제 햄버거 지겨워!,0
1431,남자기자뽀이들 탐낼만한 기사꺼리노 깔깔깔,1
1432,와- 빨간약 먹기 전 내 갑갑함 다 써있노. 혐혼하면 냄져한테 발목붙잡혀 인생 좆창나는거 알면서도 유니콘남 찾고 다녔을 적 혐혼 전에 모든걸 다 해야한다는 강박관념 이고지고 살았었노. 워추박고간다이기야,1
1433,물이 이렇게 깊은 줄 몰랐어요.,0
1434,저 조금 취한 것 같아요.,0
1435,그거 끝나면 나한테 알려 줘.,0
1436,그 가게는 여러 가지 물건을 팔아.,0
1437,"와, 공부할 게 많네요.",0
1438,"한혜진빨리정신돌아오길바라노 혐혼하면 을마나땅을치고후회할꼬
왜스스로 저지옥굴에 들어가서 저런남리남리한 미소짓고잇노
",1
1439,숲에서 길을 잃었어.,0
1440,"502/ 그 의사보이 뭐라하는거노ㅋㅋㅋㅋ 네가 불편하지않으면 그대로 살아도 된다 이기야 내 환자들 중에도 openbite(개방교합), crossbite(부정교합)환자들 여럿 있는데 아무 문제 없이 잘만 치료받고 가노ㅋㅋㅋㅋ",1
1441,나는 그와 똑같은 mp3 플레이어를 샀다.,0
1442,동의한다이기,1
1443,아 천재노?ㅋㅋㅌㅋㅋㅋㅋㅋㅋㅋㅋㅋㅋ,1
1444,"나라에서 돈 쥐어주면서 꽁짜 노예 사들이는 거노? 이건 나라에서 죄 짓는거노. 좆국은 전범국 수준이노.
인신매매를 합법적으로 나라에서 하는 게 말이되노? 불법으로 만들고 이때까지 불법망혼 한 새끼들 다 감방 집어넣어야 하노",1
1445,500 띵문이노. 좆특성. 전부터 좆들은 참 등신같고 생각할줄 모른다 생각했노. 이런 좆특성. 참미개하노. ,1
1446,몇 살이에요? - 스물세 살이요.,0
1447,니 여동생은 몇 살이니? ,0
1448,함 해보겠노 이기 싸고 쓸모없는건 버리겠다 이기야,1
1449,니 애인 생각보다 훨씬 더 예쁘더라.,0
1450,한국에 온 지 얼마나 됐어요?,0
1451,건강이 제일 중요하다 이년아 노력이 가상해서라도 꼭 성공할거같노,1
1452,나를 잊지 않겠다고 약속해.,0
1453,노무 맞는 말이라 봊탁쳤노 나도 트위터 하는데 워마드는 다른 방식으로 찾아서 들어왔노 결국 할 사람은 하게 돼있다이기 영업하지 않았음 좋겠노 좆팔,1
1454,보오오르가즘,1
1455,"탈웜하다 오랜만에 돌아왔는데 번아웃왔다이기야
이글보고 맘잡고가노. 고맙다.",1
1456,한 그릇에 5천 원입니다.,0
1457,기부금품법 조항중에 1000만원을 모금한 뒤에 1년이 지나면 다시 모금을 할수있다는 내용이 있다고 들었노. 나도 예전에 기부금품법관련해서 조사받은적이 있었는데 1년 후에 모금받은거라 변호사상담받았을때 변호사도 아무 문제없다 그랬는데 무능하고 멍청한 남경찰이 법을 몰라서 나한테 죄 물으려고했었노 ㅋㅋㅋ 남경들 법 한남좆도 모른다는걸 알고있어라이기. 모금열리면 나도 꼭 후원하겠노,1
1458,나는 감기에 걸리면 코로 숨을 못 쉰다.,0
1459,봊나 멋진년이노ㅋㅋㅋㅋㅋㅋ 정상에서 보자,1
1460,"2. 자기 밖에 모르는 년 에서 밑에 남자가 말하는 노란색 글씨 가독성 떨어지노
폰트 좀 더 가독성 좋은 걸로 바꾸는 게 좋을 거 같노
3. 독한년 김치년 기사의 출처를 넣은 건 좋은데 저렇게 글 바로 옆에 넣는 거 보다 맨 마지막 장에 사용 폰트 옆이나 밑에 출처 칸을 하나 만들어서 따로 넣어두는 게 좋을 것 같노
출처의 글씨도 작고 잘 보이지도 않는데다 카드의 디자인을 해치는 느낌이노",1
1461,ㄴㅎㄴㅎㄴㅎ,1
1462,유료회원만 볼 수 있는 댓글입니다.,1
1463,유료회원만 볼 수 있는 댓글입니다.,1
1464,저게 뭐지?,0
1465,유료회원만 볼 수 있는 댓글입니다.,1
1466,이 근처에 버스 정류장이 있습니까? ,0
1467,봊꾸러기노ㅋㅋㅋㅋㅋㅋㅋ웃챙되뿟노이기야ㅋㅋㅋㅋㅋㅋㅋㅋ,1
1468,ㅋㅋㅋㅋㅋㅋㅋㅋㅋㅋㅋㅋㅋ좆나 찔리니까 도망갔겟지 븅신인가 ㅋㅋㅋㅋㅋㅋㅋㅋㅋㅋㅋ 그리고 씨팔 여자가 앵나 정직한거아니노?ㅋㅋㅋㅋ 냄져도 뒤졌겠다 만졌다고하면될텐데 ,1
1469,나 봤노ㅋㅋㅋㅋㅋㅋ,1
1470,페이팔 안하는거노?,1
1471,남자가 조신하게 재기나 할것이지ㅋㅋㅋㅋ으데 보지 앞에서 앵앵대노ㅋㅋㅋㅋ,1
1472,말 놈딱 찰지게 했노ㅋㅋㅋㅋㅋㅋㅋㅋ깽값 통장 나련도 만들어야겠노,1
1473,그는 치즈 김밥을 주문했다.,0
1474,한 달에 500달러요.,0
1475,극장 가고 싶어.,0
1476,앞으로도 너의 활약을 기대하겠노 많은 이들에게 불알 터뜨리는 비법을 전수해주길 바라노,1
1477,그립습니다..대통령님..광광,1
1478,군무 똑똑한년이노 ㅋㅋㅋㅋㅋㅋㅋㅋㅋ 가성비 ㅂㅅㅌㅊ,1
1479,이것들 전부 니가 요리한 거야?,0
1480,이 옷 나한테 맞을까? ,0
1481,119에 전화해!,0
1482,내가 볼땐 문은 철저히 미국 꼭두각시가 익이 미국 허락 안떨어지면 북한 절대 못갈거고 사드철회도 힘들거노 방위 분담금 엄청 올라가고 미국무기 돈 퍼다주고 사올 가능성이 더 높노 북한이니 평화니 하는것도 먹버일 가능성 크고 코리안패싱은 더 심해질듯,1
1483,나는 물 없이는 살아도 음악 없이는 못 살아.,0
1484,캬 로그인 귀찮아서 안하고 눈팅하다 감동받아 워추주려고 로그인했다 읽으면서 나도 모르게 눈에 뭐가 찔금 나왔다 이기야 왜 나를 감성갓치로 만드냐 이기 ㅠㅠ 도전하는 모습이 앵나 멋지노 퍄퍄 자주자주 근황올려주라 이기 내가 다 기분이 좋아 데굴데굴 공중제비 돌고 싶다 이기!! ,1
1485,누구세요? - 나예요.,0
1486,인천 공항까지 좀 태워주실래요?,0
1487,그 이야기는 인터넷을 통해 모두에게 알려졌다.,0
1488,혼자 여행하고 있어요.,0
1489,잘했다 이기야,1
1490,햇님같은 기개가 느껴지노 으데 좆초영자놈이었으면 보나마나 조집애아니랄까봐진작 광광처울다가 자적자똥싸지르고 민기했다이기야 어디해보자이기 보-스,1
1491,운동을 위해 나는 매일 1킬로를 뛴다.,0
1492,기자보이 질문하는 것도 군무 웅앵대노,1
1493,어제 단어 시험을 봤어. 생각했던 것보다 쉬웠어.,0
1494,임신출산으로 몸 씹창나는건 여잔데 왜 우월한 유전자로 태어나는 혜택은 왜 여자가 아니라 남자만 누려? 임신출산으로 몸 씹창나는건 여잔데 왜 우월한 유전자로 태어나는 혜택은 왜 여자가 아니라 남자만 누려?임신출산으로 몸 씹창나는건 여잔데 왜 우월한 유전자로 태어나는 혜택은 왜 여자가 아니라 남자만 누려?임신출산으로 몸 씹창나는건 여잔데 왜 우월한 유전자로 태어나는 혜택은 왜 여자가 아니라 남자만 누려?임신출산으로 몸 씹창나는건 여잔데 왜 우월한 유전자로 태어나는 혜택은 왜 여자가 아니라 남자만 누려?임신출산으로 몸 씹창나는건 여잔데 왜 우월한 유전자로 태어나는 혜택은 왜 여자가 아니라 남자만 누려?임신출산으로 몸 씹창나는건 여잔데 왜 우월한 유전자로 태어나는 혜택은 왜 여자가 아니라 남자만 누려?임신출산으로 몸 씹창나는건 여잔데 왜 우월한 유전자로 태어나는 혜택은 왜 여자가 아니라 남자만 누려?임신출산으로 몸 씹창나는건 여잔데 왜 우월한 유전자로 태어나는 혜택은 왜 여자가 아니라 남자만 누려?,1
1495,펄-럭,1
1496,나는 구두 공장에서 일했어.,0
1497,어떤 아파트를 찾고 계세요?,0
1498,진짜 인간관계만큼 보잘것 없는게 없다 웜년되고 혼자 있는게 익숙해지고 삶의 질 올라가고 나를 위한 시간이 많아졌노,1
1499,나련도 앱충새끼 만행 생각하면서 클릭했다가 바닥에 대 자로 뻗어버렸노ㅋㅋ저련못이겨ㅋㅋㅋ,1
1500,조심해서 계단을 내려가라.,0
1501,캐나다의 수도가 어디죠?,0
1502,안녕히 가세요.,0
1503,한남들이 끊임없이 땔감을 공급하노^느^,1
1504,우웩 그게 반지노,1
1505,중남도 별로지먼 한남은 개좆같놐ㅋㅋㅋㅋㅋㅋㅋㅋㅋㅋㅋㅋ ㄹㅇㅍㅌ,1
1506,벌써 가려고?,0
1507,"374 계정에 신고 먹이게 하려면, 아이피 수집 불가피해지지않노? 양날의 검된다보노",1
1508,맘에 들어? 가격은 어때?,0
1509,ㄴ 아 그리고 ㄹㅇ 모자좀 빼라 ㅋㅋㅋㅋㅋㅋㅋ 니네 어머니노 저사람이?ㅋㅋㅋㅋㅋㅋ ,1
1510,꿀팁이노 ㅋㅋㅋㅋ 스크랩해간다 이기,1
1511,물과 공기가 맑은 곳이 살기 좋다.,0
1512,ㅋㅋㅋㅋㅋㅋㅋ,1
1513,점심 먹으러 나가자.,0
1514,ㅋㅋㅋㅋㅋㅋㅋㅋㅋㅋㅋㅋ 왜케 예민하노?? 하여튼 김치좆들 예민한건 알아줘야된다니까ㅋㅋㅋㅋㅋㅋㅋ 고거 좀 장난쳣다고ㅉㅉ 역시 소추소심,1
1515,팩퐄ㅋㅋㅋㅋ,1
1516,아이들은 운동장에서 놀고 있을 거야.,0
1517,"나를 보자마자, 그는 웃음을 터뜨렸다.",0
1518,모자를 쓰고 있나요?,0
1519,술은 건강에 해롭다.,0
1520,ㅊㄴㄷㄹ,1
1521,이 차 주인이세요?,0
1522,여기서 신용카드를 사용할 수 있나요?,0
1523,워친년 ㅋㅋㅋㅋㅋㅋㅋㅋㅋㅋㅋ,1
1524,그 여자애는 키가 작아. 그래도 나보다는 커.,0
1525,내 컴퓨터는 새 거야.,0
1526,서울 가는 버스를 타.,0
1527,안경 쓰고 있는 저 여자애 말이야?,0
1528,"소크라테스가 너 자신을 알라""고 말했지.""""크라테스가 ""너 자신을 알라""""라테스가 ""너 """"테스""Apakah tempat ini kosong?",0
1529,저것 좀 봐. 강아지가 다리를 다쳤어! ,0
1530,ㅇㅊㅇㅊ,1
1531,흉자모 버려라.가 내 인생TOP3에 드는 조언이노.,1
1532,그 사람은 키가 크고 수염이 있어요.,0
1533,"이거도 작품 나오면 언론데뷔, 뉴스 속보 나겠노. 남기자들 x언론사 사장이나 손써키 합성해서 남기자들이 후장대주고 입사한것처럼ㅊ영상만들면 어떻노? 화제성 대폭발에 실시간검색어1위는 따논 당상이노. 워마드에 상주하며 여혐기사쓰는 남기자를 타겟으로 아주 멘탈을 조져버릴거노. ",1
1534,똑똑한련은 ㅇㅊ야ㅋㅋㅋㅋㅋㅋㅋㅋ,1
1535,이번 달 마지막 날이야.,0
1536,유충은 낙태가 답이노,1
1537,"실례지만,? 몇 시인지 아세요?",0
1538,사실 그 근원은 별거 없다 이기. 한남과 흉자들이 우쭈쭈 해주는걸 권력으로 착각할 뿐이노. ,1
1539,펄-럭,1
1540,장관돼서 보토피아 이뤄라 응원하노,1
1541,이 빌딩 정말 높네!,0
1542,지들끼리 하던갘ㅋㅋㅋㅋㅋㅋㅋ 여자라고. 패싱이 어쩌고시발 진짜 역겹네 그럼 왁싱샵 여성이 죽은건 왜 여성으로 패싱하냐고해보시지 그사람이 젠퀴였을지 어떻게 안담?? 어차피 쟤네도 죽으면 여성이 죽었다고 나오지 반데미시스어쩌고가 죽었다고 안나올텐데 왜 지들만의 세상에 갇혀서 저러고있노,1
1543,혜안은 완벽한 남편을 원한다.,0
1544,이기이기 빵본좌 ㅂㅅㅌㅊ 천재노ㅋㅋㅋ,1
1545,답안지를 내세요.,0
1546,그녀는 젊었을 때 정말로 예뻤다.,0
1547,보고가노,1
1548,나 너무 불안해서 참을 수가 없어. ,0
1549,창조경제 오졌노,1
1550,매주 일요일 아침에 교회에 갑니다.,0
1551,먹을 게 하나도 안 남았어.,0
1552,찌개는 식으면 맛이 없어.,0
1553,웃챙ㅋㅋㅋㅋㅋㅋㅋㅋㅋㅋㅋㅋㅋㅋ,1
1554,왜 많은 사람들이 담배를 피울까요? ,0
1555,새 소리를 듣는 거 좋아해요.,0
1556,한국좆 자살해,1
1557,커피에 설탕 넣니?,0
1558,형냐한테 박혀서 좆물 질질 흘리면서 뒤져라,1
1559,보지는 무엇이든 할 수 있고 무엇이든 다 될 수 있는 위대한 생명체노 일용직 베스트 자집애들 징징거리면서 즈개비 후장판돈으로 공부시켜서 해외보내봤자 적응못하고 다시 좆국들어오노 좆국을 떠날 생각조차 없는 놈들이 대부분이노 그남들은 이 좁은 우물에서 죽어갈거노 그리고 우리는 보지답게 앞으로 나아갈거다 이니야 바라건대 용감하고 가장 뛰어나기를,1
1560,코르셋벗고 새로운삶을살게됐노 보-멘,1
1561,정보꿘은 워추야 만들어서 누구한테 타줄지 고민되노^느^,1
1562,정말 맛있네요!,0
1563,맞노 그 누구도 나련 손끝하나 못 댄다 이기야 혹여나 그랬어도 지옥끝까지 찾아서 목커터칼로 찢어갈겨버린다 이기야 잊지않을 거노 절대로 타협하지말아야하노 ,1
1564,절대로 다시 그 일을 하지 않을 거야.,0
1565,너 작년에 졸업했지?,0
1566,이태원에는 외국인이 많아요.,0
1567,현재 어떤 일을 하고 계세요? ,0
1568,너는 웃을 때가 귀여워.,0
1569,아이들이 팽이를 돌리면서 놀고 있다.,0
1570,누구세요?,0
1571,저거 똥꼬충 아니라 ftt 비수술트젠 아니었노? 웜년들한테 쳐맞고 ㅂㄷㅂㄷ해서 66성형해서 예쁜 여자가 돼서 니들보다 우월해질게 그렇게 복수해줄게^^99 했던 년이노 ㅋㅋㅋㅋㅋㅋㅋㅋㅋ 웜덕에 젠신병 고친줄 알았는데 코르셋 못벗더니 다시 젠신병 걸렸노?,1
1572,그 사람 전혀 다른 사람 같더라고.,0
1573,우리 형은 아버지처럼 행동해.,0
1574,？,1
1575,ㄱㅆㄹㅇ 원래 다~그래 따위 안 통 하고요 ^됬^,1
1576,보지달고 머갈통 정상이면 상황 굴러가는 꼴을 보고 오늘 현타 제대로 쳐맞을 수 밖에 없노. 환영한다 이기 ,1
1577,ㄳㄳ 꿀팁은 워추야!,1
1578,1년치 물 8월 한달동안 다 시켜야겠^노^,1
1579,자댕이 체취 개심하노 특히 흡연자지는 살남충동 누르기힘드노 ,1
1580,겨울에는 낮보다 밤이 길다.,0
1581,이젠대놓고 낳아라낳아라 부랄떠네 ㅉㅉ안낳는다고!!!,1
1582,킹혜님 사랑합니다,1
1583,맞노 나도 개머지들이랑 좆목질하는거 존나 싫어하고 나 혼자 할 수 있다고 생각하는 년이노. 인간관계도 노무 깊으면 지친다 이기야 적당히 먹버해서 능력 키울거노,1
1584,응시발 참가기회줘도 안할것들이 말은많아^오^,1
1585,와 ㄹㅇ이다 통찰력 관찰력 오지다,1
1586,저는 부모님과 사이가 좋아요.,0
1587,토익 시험에서 900점 이상을 받아야 한다.,0
1588,학생들을 한 줄로 세우세요.,0
1589,밤새도록 춤을 췄어요. ,0
1590,봇멎이노. 가서 댕청한 자댕이들 재기시켜야한다이기,1
1591,저기에 주유소가 있어요.,0
1592,항상 대기하고 준비중이노 언제든 말만해라 이기야,1
1593,진정한 남페미는 재기한 놈뿐인데 지 주제를 파악했노,1
1594,ㄴ,1
1595,독도가 중요한 섬인가요?,0
1596,그들은 다양한 서비스를 제공한다.,0
1597,퍄 보르가즘,1
1598,"화내지 마세요, 그냥 장난이었어요.",0
1599,그래서 넌 그때 뭐라고 했니? ,0
1600,다음 주제로 넘어가는 건 어때요?,0
1601,건강꿘에게 노무 유익한 정보노 워추주고간다익이,1
1602,너 벌써 술 많이 마신 것 같은데.,0
1603,ㅋㅋㅋㅋㅋㅋㅋㅋㅋㅋ워마드 홍보요정 창민 ㅎ2,1
1604,한글은 자음 14개로 되어 있어요. ,0
1605,기차가 곧 도착할 거야.,0
1606,영화 보러 자주 가세요? ,0
1607,나는 여름이 좋아. 여름에는 수영을 할 수 있으니까.,0
1608,102// 나년 작년에 지구과학2 응시했었노. 난이도 자체는 I과목들보단 크게 어렵진 않았다 이기야. 그런데 등급컷 간격이 한남좆같노. 나년 16번 19 20번 틀려서 42 나왔지만 군무 어려워서 무조건 1인줄 알았는데 3등급 떴노. 그리고 같은 보지 경쟁자들도 잘하지만 6공부만 잘하는 한남9 들도 절대 무시못하노. 특히 작년 생2랑 화2같은 경우는 48점이 1등급이고 아무리 시험장에서 노무현 어렵다고 느껴도 1등급은 48점이라고 생각해라이기야. 다른II과목도 마찬가지노. ,1
1609,한국은 여름에 굉장히 더워요.,0
1610,구원은 셀프다 완전 띵언이노,1
1611,나 그런 질문 싫어하는 거 알잖아. ,0
1612,오늘은 왜 택시를 탔어요?,0
1613,월베로 ㄱㄱㄱㄱ,1
1614,너련이 제대로 된 집착이라 이기야ㅋㅋㅋㅋㅋㅋㅋㅋㅋ,1
1615,먼저 가.,0
1616,이기이기... 자지 어디갔노 이기 좆드름이노,1
1617,나는 매일 아침을 먹는다.,0
1618,좋은 생각이 떠올랐다.,0
1619,쯧쯧... 챙럼인가 보네요... 부랄 터져서 아헤가오 하며 눈물 질질 짜는 그 꼴 생각만 하니 아래가 축축해집니다^노^ ,1
1620,윾쾌하놐ㅋㅋㅋㅋㅋ,1
1621,그녀의 말은 사실과 전혀 달라.,0
1622,아기를 등에 업어라.,0
1623,창놈이 앞똥 사이즈로 쒸익대면서 올린게 분명하노 자적자는 사이언스다 이기 ,1
1624,자주 보고싶은 글이노.,1
1625,얘가 내 남동생이야.,0
1626,ㅇㅊ,1
1627,그냥 친구 사이에요. ,0
1628,기개가 넘치노 이기야,1
1629,이거엔 관심도 없었던걸보면 이 나란 망했노,1
1630,나 이 스웨터 다시는 안 입을 거야. 늘어났어.,0
1631,링딧들이 난리쳐만든 탈퇴때매아이끠 못찾게된거노 광광 우짜면좋노 국자성님,1
1632,바람이 남쪽에서 북쪽으로 불고 있어요.,0
1633,승재 좆나 나대넼ㅋㅋㅋㅋㄲㅋㅋㄲㅋㅋㅋ,1
1634,놈딱 멋지다 이기 삼수생 봊잡고 열심히하겠노,1
1635,"ㄴ 너련땜에 방금 찾아서보고왔노 ㅋㅋㅋ 자기자신을 성적대상화 못시켜서 안달나 뿟노
",1
1636,진작 망했어야 될 나란데 보지팔아서 잘도 연명했네 후팔,1
1637,아래에 서명해 주세요.,0
1638,우리 어머니는 삼 년 동안 아프셨다.,0
1639,항상응원합니다,1
1640,일본을 하루 만에 다녀올 수 있나요?,0
1641,지하철에서 지갑을 잃어버렸어.,0
1642,봊나 좋은 생각이노,1
1643,젠신병자들 후장 찢어서 문둥충들 넣고 쉐킷쉐킷 해야 정신차린다이기,1
1644,뒤에서는 그가 누구인지 알 수 없었다.,0
1645,디지털 카메라에는 필름이 필요 없어요.,0
1646,잊을만하면 와서 새기고가노,1
1647,띵문이노,1
1648,펄ㅡ럭,1
1649,남녀관계는 아무도 모른다.,0
1650,남자들은 여자들을 관리하는 자라. 따라서 의로운 여자는 순종해야 하며 알라께서 지키시는 것을 비밀스럽게 지켜야 한다. .” (코란4:3) 보지년들이 이슬람이 무섭긴 무섭나보구나~ 코란에는 전혀 손을 못대는거보니 ㅋㅋㅋㅋㅋㅋㅋ근데 이슬람이 무서운데 어찌 남자를 이기겠노 ㅋㅋㅋㅋㅋㅋ 대한민국 이슬람화 시켜야 된다이기야~~~ 눈가리고 내눈에 안보이면 진실이 아닌거같노??? 현실을 봐라 이 빠가년들아 ㅋㅋㅋㅋ 반박불가 팩폭씹인정??? 팩트로 웜썅년들 뒤치게 패니까 존잼^^,1
1651,-,1
1652,뭐노ㅋㅋㅋㅋㅋ기대된다이기야,1
1653,선생님은 학생들이 떠나자 기쁨의 눈물을 흘리셨다.,0
1654,탈조 힘조~!,1
1655,저는 백 퍼센트 이길 자신이 있어요.,0
1656,"자, 여러분, 시작해 볼까요.",0
1657,"고층빌딩 사는련이노^느^ 문앞으로 생수통69개 배달했다 이기.
앵삐질삐질 흘리는 냄져 볼생각에 클리떨리노 깔꺌꺌",1
1658,웜련은 돈내고 한남보러 안간단다 한남들아,1
1659,펄^^^^럭,1
1660,펄-럭,1
1661,일만 하지 말고 좀 놀아라.,0
1662,훌륭하노,1
1663,아직 결정하지 못했어요.,0
1664,패션 탐나죽겠노 이기 어쩜 이리 멋있노.,1
1665,퍄퍄퍄,1
1666,ㅋㅋㅋㅋㅋㅋㅋㅋㅋㅋㅋㅋㅋㅋㅋ,1
1667,군무 기분좋노 저소리 들을 생각하니까 음순이가 벌렁 거리노,1
1668,679야 댓글지워라 개좆같다 글쓴이는 누군가의 엄마에서 벗어나는중이라는데 지가뭔데 가해자취급하면서 봊스플레인이노? 머가리맛갔노 멋글내용보니 한남은아닌거같아서 더어이없노,1
1669,ㅇㄱㄹㅇ 개돼지한테 정붙여서 안고가봤자 하등 쓸모없고 방해만 된다. 엔간하면 한번 쎄할때 치우고 최대두번까지만 봐주는게 맞노,1
1670,이야 이런식으로는 생각안해봤다이기 보지에 새기고 간다,1
1671,우리 집의 창문은 동쪽으로 향해 있다.,0
1672,쯧쯧 걸레좆마냥 요리저리 흘리고다니니까 그렇노. 근데 이쁘노? ,1
1673,이때까지 나는 여자 친구를 한 번도 사귀어 본 적이 없다.,0
1674,저를 아세요?,0
1675,점심시간은 한 시간이다.,0
1676,디폴트가 우수한건 당연한거노 ,1
1677,이 글 봤노 봊잼이였다,1
1678,안아 줘.,0
1679,"우리 애가 벌써 커서, 이 옷이 맞지 않을 정도로 커졌다.",0
1680,나는 혜안에게 생일 선물로 시계를 주었다.,0
1681,올 여름에는 부산을 여행하기로 했다.,0
1682,ㅋㅋ,1
1683,절대 포털로 돌아가면 안되겠단건 알겠다,1
1684,자댕이 질척거리노;ㅋㅋㅋㅋㅋㅋㅋㅋㅋㅋㅋㅋㅋㅋㅋㅋㅋㅋㅋㅋ,1
1685,난 남자를 통제하는데 있어서 희열을 느끼노,1
1686,ㄹㅇ 임신은 병균 감염이노,1
1687,창스러운 창민아 보고있노 ㅋㅋㅋㅋㅋ,1
1688,컴퓨터가 또 고장 났네!,0
1689,불 껐니?,0
1690,어떤 신문 읽어?,0
1691,ㅇㅊㅇㅊ 꿀팁이다이기야,1
1692,현생에선 어쩔 수 없이 개돼지들과 어울리게 되노. 그럴 때 봐도 될 만한 띵문이노. 본문은 영업과 관련된 이야기지만 말이노. 보지에 새기겠노.,1
1693,응 똥꼬섹스 재기ㄱㄱ,1
1694,걱정 말고 좀 쉬어.,0
1695,내가 이 일을 맡을게.,0
1696,예정대로 도착해?,0
1697,일본에 가려면 관광 비자가 필요해요.,0
1698,ㅋㅋㅋㅋㅋㅋㅋㅋㅋㅋㅋㅋㅋㅋㅋㅋㅋㅋㅋㅋㅋ,1
1699,나는 결코 법을 어긴 적이 없다.,0
1700,청바지와 운동화는 안 됩니다.,0
1701,이 노래 지난달에 나왔어.,0
1702,어느 정도 유입은 필요하다 보노 그렇지만 웜이 어떤 곳인지는 확실히 알고 들어와라 이기야 이곳은 꽃밭가득한 넹그르르한곳이 아니노 닥눈삼 하고 보지답게 각성하길 바라노,1
1703,비가 오는 바람에 경기가 취소되었다.,0
1704,그 도시는 지난 20년 동안 빠르게 발달했다.,0
1705,저는 피부가 건조한 편이에요.,0
1706,유튜브 세가영 문법봐라이기 기초부터 잘가르쳐주노,1
1707,많은 부부가 성격 차이로 이혼한다.,0
1708,855말이 맞노. 데노에도 관잦 분명 있을것이지만 한번 썰면 다시 만드는데는 시간이 걸릴거고 써는게 지금만큼 힘들지는 않을거라 보노. 관리자 항상 고맙노 애비 유병단수길만 걸어라 이기야,1
1709,"정액권만들고 몇몇 워념글만 유입들만 볼수 있게 해놨음 좋겠노
그리고 더 모이면 알바식으로 게지 모집해서 글만 관리했음 좋겠다 차라리 돈 받아라
지금 너무 글이 허벌후장식으로 공개되서 안오는 련들도 있는듯",1
1710,우리 창조주 어금니가 갑자기 여러개 깨져버렸는데 3분의1정도가 사라졌노. 이거 금레진으로 가능한거노? 임플란트해야하노?,1
1711,참 교사노 ㅋㅋㅋ,1
1712,당연하노 비혼 힘조,1
1713,나 지금 가봐야 해. 내 아들이 집에 혼자 있어.,0
1714,부끄러워하지 마. 그냥 자연스럽게 행동해.,0
1715,머한민국 똑똑한년들은 워마드 하는게 참팩트였노,1
1716,"한국인들은 성을 앞에, 이름을 그 다음에 쓴다.",0
1717,그녀가 행복하면 나도 행복하다. ,0
1718,나는 어렸을 때는 간호사가 되고 싶었어.,0
1719,그런데 넌 뭐 하러 온 거야?,0
1720,뭘해도 될년이노,1
1721,농담하지 마세요!,0
1722,난 다른 무엇보다 김치가 좋아.,0
1723,서웜대 웜이 먹어버렸노ㅋㅋㅋㅋ깔깔깔ㅋㅋㅋ장난으로 살남하면 저얼대 안되노~^^,1
1724,냉장고에 계란이 몇 개 있어요? ,0
1725,내 손을 잡아요.,0
1726,"어제 너한테 열 번도 넘게 전화했는데, 안 받더라.",0
1727,이 일을 마치는 데 3일이 걸릴 거야.,0
1728,꼭 갈게.,0
1729,기분이 어때? - 별로야.,0
1730,"프랑스에서 살다왔는데 서민들 이 글에 설명된 그대로노. 좆국도 자수성가, 계층이동 앵나 힘든거 맞는데 프랑스가 더하노. 기득권 앵나 단단하고 서민은 더 나은 삶 꿈도 못꾸게 만드노. 아예 서민이랑 상류층 생활반경이 분리돼있노. 근데 웃긴건 서민들이 상류층이랑 어울릴 기회가 전혀 없고 지들끼리만 사니까 다같이 가난해서(정확히는 이 글에서 말하는 것처럼 기득권교육 받고 지들이 기득권인줄 알아서, 물욕은 나쁜거라는 코르셋때문에) 지들이 부족한 게 없다고 생각한다는 거노. 처음엔 좋았노. 여유있고 검소하고 서민들도 상당한 수준의(좆국이랑 비교했을때) 인문학적 철학적 지식 있어서 인간들 수준있네 생각했노. 근데 계속 보다보니까 그 검소도 구질구질하고 궁상맞아 보이고, 더 돈 많이 벌 수 있는데 ""돈, 야망보단 사랑, 우정, 안정, 가족 이딴게 더 중요해"" 라는 생각 떄문에 뭐가 지한테 득되는 지도 모르고 선택하는 인간들 보면서 정떨어졌노. 일단 웜련이랑은 안맞노 ㅋㅋ 프랑스에선 미국이나 좆국처럼(사실 불란서 인간들 좆국은 알지도 못하지만 분류하자면 미국과인거 같아서) 부자되고 싶어하고 사다리타고 올라가고 싶어하면 천박하게 생각하노. 그리고 프랑스 기득권은 서민이 돈 못벌고 못 모으게 만들고(주당 근로시간 정해져있고 초과되면 고용주가 초과수당 엄청 줘야돼서 초과 안시킴-> 일 덜함 -> 일 많이해서 돈벌고 싶어도 한계가 있음) 국가(기득권)에 의지하게 만드노. 프랑스 살면서 복지나 여유로운 삶이란 거에 회의감 들었노. 주당 근로시간 정해져있는 거, 즉 일 많이 하고싶어도 못하고 돈 버는데 한계가 있는걸 여유로운 삶 지향하는 걸로 포장하고, 돈 좀 만져볼까 싶으면 세금 앵나 때리고. 모든 시스템이 복지 있으니까 그렇게 열심히 돈벌지 않아도돼^^ 어차피 벌어도 세금으로 다 뺏겨^^ 물욕은 나쁜거야^^ 여유롭고 검소하게 살아^^ 이 메시지를 주입하노. 웜련이라면 이게 왜 나쁜지 알겠지. 프랑스도 좆국이랑은 다른 방식으로 가난 미화 심하노. 지들은 죽어도 가난이라고 안하지만 ㅋㅋ
프랑스는 아예 서민이 계층이동 할 수 있는 모든 루트를 세세하게도 막아놨노. 서민은 서민으로 태어나서 서민으로 죽어라 이거노. 억만장자는 프랑스 세금 많이 때린다고 이민 생각하고 항상 경호원이랑 다니실 르펜 머모님은 문제 일으키는 무슬림 좆들 받지말자 하는데 서민들은 돈욕심은 죄야 무슬림 좆 차별하면 안돼 모든 무슬림이 그런건 아니야 이러고 있어서 답답하노. 돈욕심 안내고 무슬림 포용해서 제일 타격받는 건 지들인데 말이노. 프랑스 개돼지는 포장만 보면 교양있고 우아하지만 알고보면 기득권이 원한 대로 욕망을 거세당해서 그래보이는 거노. 게다가 서민들 지들이 기득권인줄 알아서 유럽 제외한 국가들에 대한 시혜적 시선 오지노. 나련 좆국에서는 평범했는데 프랑스 가니까 앵나 씀씀이 크고 물질적으로 여유있는 련 돼뿌렸노. 그만큼 프랑스 서민들 앵나 아끼고 살고 실제로 돈없음. 근데 당연히 아시아에서 왔으니까 돈 앵나 없고 미개하겠지 불쌍해 이런 편견 많이 느꼈다이기. 처음에 프랑스어 잘 못했을때도 챙겨줘서 좋았던건 좀 있는데 어쨌든 동정심과 건방진 시혜적 시선 때문이노 ㅋㅋ 유럽 아닌데서 온 사람들 무조건 불쌍해 미치려고 하는것도 노무 웃기노 어느 나라나 외국가서 공부할 정도면 지들처럼 없이 살지는 않는데. 인권 부분에선 불쌍한거 맞기도 한데, 좆국보다야 억만배 낫지만 프랑스도 인권 높다고 말하기 힘든 나라노. 어쨌든 프랑스 기득권 자댕이들은 판을 아주 촘촘하고 섬세하게 짜놓고, 욕망 거세하는 교육으로 그 안에 사는 사람들이 지 상황에 안주하게 만드노. 큰돈 벌고 싶은 련들은 프랑스랑 안어울리노. ",1
1731,ㅋㅋㅋㅋ조팔ㅋㅋㅋㅋㅋㅋ겁나 웃기노 ㅋㅋㅋㅋㅋㅋㅋㅋㅋㅋㅋ,1
1732,"아빠, 저 이 카메라 사 주세요.",0
1733,내 인생 최고의 날이었어.,0
1734,"아니요, 그 애는 내 아들이 아니에요.",0
1735,뭔 ㅋㅋㅋ y염색체 자체가 x보다 군무딱 작노 ㅋㅋㅋㅋㅋㅋㅋ x염색체가 100배이상 커서 뭔가를 저장할 자리가 없다니까??? 내가 흑좆같은 생물선생이노 ? ^오^ 과외비 내고가~,1
1736,김기수만 보면 상남자라고 댓글달자 이기야. 상남자 뜻을 바꿔버리자,1
1737,10분 후에 다시 전화할게.,0
1738,여기 메뉴가 있습니다.,0
1739,시간은 당신이 정해요.,0
1740,왜 그렇게 빨리 걷는 거야? ,0
1741,고생많노,1
1742,참교육자놐ㅋㅋㅋㅋㅋㅋㅋ ,1
1743,한남수준에 맞춘 딱 맞는 분석이노. 도태남들 지들이 도태된걸 알지만 믿고싶지 않아하니 염산들이붓고 칼푹찍해서 믿게해줘야한다 이니,1
1744,팩트폭격해뿟노 ㅋㅋㅋㅋㅋ,1
1745,557 자지새끼가 댓글 달려고 회원가입하고 로그인했노ㅋㅋㅋ 그 시간에 한강가서 재기해라 이기ㅋㅋㅋㅋ,1
1746,임신중 아내한테 매독 옮겨서 낙태한 사례도 있노,1
1747,진짜 한남좆같이도 생겼노,1
1748,걱정하지 마. 그냥 내 어깨에 기대.,0
1749,ㅋㅋㅋㅋ오늘 내 첫 워추는 니년한테 준다이기야 ㅋㅋㅋㅋㅋㅋㅋㅋ 보르텔기업 기다린다이기,1
1750,너는 아무리 먹어도 살이 안 찌는구나.,0
1751,놀이터에서 놀자!,0
1752,그 옷은 나한테 너무 작아.,0
1753,679한테 한 댓글임. 그나이대 여자면 무조건 잘못했을거라니 무슨 기독교 원죄냐 ㅋㅋㅋㅋ,1
1754,ㄴ맞노 양심치과의사보이라고 그남이 말하길 치과남의사는 거의다 꽃뱀 창놈이라고 하더노 그래서 자적자로 남의사가 왕따당하고 유튜버 활동하던데 치과남의사들이 어떤 창놈짓을 하는지 궁금하면 정보 먹버용으로 써라 이기,1
1755,펄-럭,1
1756,"점심에는 피자를, 저녁에는 스파게티를 먹었다.",0
1757,이 법은 ㄹㅇ 작명부터 앵나온다 앵나와!!!!!!!,1
1758,고맙노 ,1
1759,프랑스로 완전히 돌아가는 건가요? ,0
1760,제가 한번 해 볼게요.,0
1761,나련은 첨부터 고인 그런거 없었놐ㅋㅋㅋㅋ넘나 좋노 재기^오^,1
1762,소비성향 바꿔봐야겠노 조언 고맙노,1
1763,저희 아들 학교생활 잘 하고 있나요? ,0
1764,서랍 안이 아니라 책상 위에 있었어요.,0
1765,그는 작년에 끔찍한 병에 걸렸다.,0
1766,ㄹㅇ 남혐하면 세상의 이치가 훤하게 보이는 쀼젤 ,1
1767,언제 오세요?,0
1768,"http://www.cyber.incheon.kr/
무료인강 사이트 추가한다 이기야. 인천시민사이버교육 홈페이지다. ",1
1769,내가 40점을 넣어서 우리 팀이 이겼어.,0
1770,총알 다 모아놨노 계좌 열리면 바로 쏜다 이기,1
1771,5개밖에 못들어 봤노,1
1772,보지신 빙의됐노???? 워친ㅋㅋㅋㅋㅋㅋㅋㅋㅋㅋㅋㅋㅋㅋㅋㅋ,1
1773,왼쪽에 있는 빨간 버튼을 누르세요.,0
1774,고향에 오래간만에 오신 건가요? ,0
1775,펄-럭,1
1776,나는 집에 오자마자 손을 씻었다.,0
1777,조팔ㅋㅋㅋㄱㅋㅋ봊꾸러기련이노ㅋㅋㅋㅋㅋ 잘 써먹겠다 이기야!,1
1778,와 봊멋있다 다시 야망 충전하고가노 ,1
1779,정확한 출발 시각은 몇 시인가요?,0
1780,"아주머니, 여기가 어디예요?",0
1781,ㅇ문엔 워추,1
1782,절대 결혼 안할거고 비출산할거다 덕분에 오늘도 보지에 새기고 가노~^오^,1
1783,저 말에서 어떻게 반박을 할 수 있노. 맞는 말 뿐이노. 섹스해라라고 강요하는 게 이상한거노. 먹어서 배탈 뿐 아니라 암이 생길 수 있는 걸 왜 먹으라 하노.,1
1784,흑좆갈좆에 어울리는 냄새노 썩은부랄 잘라버리고싶다이기,1
1785,"빼애애애애액!!!!!!!!!!!!!!!!! 너 메갈이지 !!!!!!!
팩트폭행에 버튼 눌렸노",1
1786,ㅇㅊ,1
1787,정자은행에서 기증 받은 정자로 임신하셨는데 아들 낳으시면 어떡하실 거에요?,1
1788,유충 참교육썰은 ㅇㅊ,1
1789,책상 위에서 연필과 지우개 외에는 모두 치우세요.,0
1790,꿀팁 ㅇㅊ,1
1791,미개한 한남들은 반드시 씨를 말려야하노,1
1792,40 너년 고쳐라,1
1793,펄-럭,1
1794,미친 이게 여혐 아니면 뭐노,1
1795,고생많았노 행갓치는 워추야 깔깔깔 오매불망 오늘만 기다렸노 눈에서 앵나온아 익이 ,1
1796,오ㄹㅇ 교과서로만들어야 ,1
1797,나는 밸런타인데이 선물을 직접 만들려고 생각 중이야.,0
1798,그 아이는 하늘을 어두운 색으로 칠했다.,0
1799,오늘 늦게 일어났어요?,0
1800,그런데도 기안내 찬양하는 좆국은 너무 미개하노.,1
1801,그는 할 수 있는 한 멀리 공을 던졌다.,0
1802,"아, 이런!",0
1803,그 시험을 위해 정말 열심히 공부했어요. ,0
1804,나는 노래를 잘 못해요.,0
1805,거짓말이 아니에요.,0
1806,ㅇㅊ,1
1807,괜히 x'라고 하는줄 아노? ㅋㅋㅋㅋㅋㅋㅋㅋㅋㅋㅋㅋㅋㅋㅋ y염색체의 기능은 '저는 좆물생산 보지의 도구입니다' 라고 표시하는 기능밖에 없고 노무딱 쪼그라들어서 아무 정보도 없다 이기야~,1
1808,한남충새끼들 이러면서 군대도 여자보내면 뭐로 기세울라고?ㅋㅋㅋ,1
1809,"그 사람 며칠에 떠났는지 아세요? - 글쎄요, 며칠 전인 것 같은데요.",0
1810,"탈조를 향한 발걸음에 날개를 달아 주시옵고, 이 손 끝으로 모두를 감동 시킬 수 있는 세계 최고의 작가가 되게 해주옵소서. 보-멘",1
1811,니 신발 젖었네. 내 신발 신어.,0
1812,감기에 걸린 것 같아요.,0
1813,성지순례왔습니다 한남 재기하게 해주세요,1
1814,그 뮤지컬 공연은 훌륭했다.,0
1815,태권도를 했다니 안 믿어지는데.,0
1816,앞에 사고가 난 것 같아요.,0
1817,어느 쪽이 남쪽입니까?,0
1818,공지가야함,1
1819,"어떤 경우에, 저는 성급하게 결론을 내립니다.",0
1820,도대체 어떻게 저런 멍청한 머갈통으로 6뉴스9하고있노? 후장이라도 대줬노??,1
1821,특별한 계획 있으세요?,0
1822,맨날 6한진9에서 물 1.5리터짜리 2박스 시켜 먹노 ^문^ 물맛이 이리 좋을 수가 없다 이기야,1
1823,"그는 읽고 쓰지 못하지만, 큰 회사의 사장이다.",0
1824,산책하기에 좋다. 밖으로 나가자.,0
1825,기숙사 생활은 어때?,0
1826,모금하겠노,1
1827,부엌에 떡이 좀 있어.,0
1828,우산 안 가져왔어? ,0
1829,나 새벽에 일어나야 해.,0
1830,겨울에 친구들이랑 바다에 가고 싶어요.,0
1831,크 멋있노 과학은 여자의 학문이노,1
1832,내일은 월요일이야.,0
1833,예약 확인해야 해.,0
1834,이곳 음식은 너무 비싸네요.,0
1835,이 사과는 신선해요. 드셔보세요.,0
1836,한 시간 뒤에 꽃에 물을 줘라.,0
1837,ㅇㄱㄹㅇ이노 한냄이들은 다들 못생기고 뚱뚱해서 그런지 학벌 공부 이런거로 한마디 해주면 발작하노,1
1838,나는 도시에서 운전하는 걸 좋아하지 않는다.,0
1839,이번에 중국 처음 가는 거니? ,0
1840,깔깔깔깔깔 역시 멋지노,1
1841,돈 주세요.,0
1842,많은 중학생들이 담배를 피우나요?,0
1843,길을 묻는 것은 나에겐 너무 어려운 일이다.,0
1844,중국에서는 물건 값이 굉장히 싸요. ,0
1845,봊멋이다익이!!!!!!! 가해자새끼 인생 좆창나야되노,1
1846,머리를 파란색으로 염색했더니 엄마가 나를 내쫓았다.,0
1847,"맞노. 한남좆같은 건 매일 1순위더노. 특히 부랄의 소리 그거 말이노. 여혐 범벅 웹툰은 상위권이고 작가가 만든 고퀄리티 웹툰은 늘 낮노. 독자들도 맨날 왜 이리 낮은지 모르겠다고 했는데, 그게 좆놈들 때문이었노. 찌질하고 드러운 한좆들. ",1
1848,6한남9이 한남했을뿐이라 놀랍지도 않노 잘했다 이니,1
1849,말은 쉽다. 직접 해 봐.,0
1850,너 만화책 좋아하니? ,0
1851,어둠의 웜사모 홍보효과 ㅆㅅㅌㅊ ㄱㅅ,1
1852,저 청바지 요즘 엄청 유행이야. ,0
1853,나련도 자꾸 좆팔이라는 려성스러운 단어가 나와서 흑좆나 당황스럽노,1
1854,ㄹㅇ 내남친 남페미~ 조신남~ 이러는련들 현실부정하노 ㅉㅉ,1
1855,두순이 꼬추 잘라다가 명란젓 만들어서 두순이한테 주자,1
1856,보지신이 내렷낰ㅋㅋㅋㅋㅋㅋㅋㅋㅋㅋㅋ말하는거 앵나 대단하노,1
1857,저격당하니까 기분 더럽노,1
1858,쇼핑하러 백화점 가자.,0
1859,공감빻았노 여자가 싫다고 인상찌푸리고 고개돌리는데도 로맨스라니 띠요용~~,1
1860,ㄹㅇㅋㅋㅋㅋㅋㅋㅋ동공지진구경 봊잼이노ㅋㅋㅋㅋㅋㅋ,1
1861,우리는 공통점이 많다.,0
1862,멋지다,1
1863,우리가 얼마나 걸어온 거죠? ,0
1864,이 물건들은 모양이 다르다.,0
1865,올해 추석에는 휴일이 며칠이에요?,0
1866,혜안씨 좀 바꿔주세요.,0
1867,워친련ㅋㅋㅋㅋㅋㅋㅋㅋㅋ 기발하놐ㅋ,1
1868,축하합니다!,0
1869,앵나 멋있노 ㅇㅊㅇㅊ,1
1870,이기,1
1871,펄-럭,1
1872,뭐든지 여자가 먼저다 << 이거 이해못하더라,1
1873,봊나 다행이노 이기 보지들의 참우정에 앵나온다 앵 여돕여 보돕보다,1
1874,책을 도서관에 반납하세요.,0
1875,맞노 인생 복잡하게 느껴지는 거 다 자트릭스 개좆같은 거 때문이다이기야 ,1
1876,오랜만에 다시 글 보러 왔노. 볼때마다 여자답지 않게 앵나온다 이기야. 이 글 보고 야망 세우러 가노. ,1
1877,이따 오후에 오세요.,0
1878,재기띠 새 사이트로 이사와서 기분좋은재기재기띠띠~~,1
1879,자지새끼들 무차별적으로 때려죽이고 찢어죽이고 찔러죽여야 하노,1
1880,죄송한데 오늘 오렌지 주스가 없어요.,0
1881,오늘 안으로 일을 다 끝내야 해.,0
1882,앱놈비상금ㅋㅋㅋㅌㅋㅋㅋㅋㅋㅋㅋㅋㅋㅋㅋ 력시 보지기 통도크고 개그센스도 터진다 이기 ㅋㅋ,1
1883,도덕못잃은 년이노 도덕콜셋 언제 벗을거노,1
1884,보지를 탁 치고 간다 ㅋㅋㅋㅋㅋㅋ,1
1885,웜퇘지들 봊나멋지다 이기,1
1886,비행기는 5분 후에 이륙할 예정입니다.,0
1887,공책 좀 빌려줄래?,0
1888,어젯밤에 너 완전히 취했었어. ,0
1889,강약약강 한남충들,1
1890,ㅋㅋㅋ,1
1891,냄져편이나 만들어라 좆팔 ㄹㅇ 한심하노,1
1892,존경하노,1
1893,아주 쉬워.,0
1894,저 식당은 냉면으로 유명해.,0
1895,거 참 이상하네.,0
1896,이 떡 먹어봤니? 맛있어.,0
1897,사장님은 휴일에도 일을 시킨다.,0
1898,야이년아 추카하노ㅋㅋㅋㅋㅋㅋㅋㅋ 관잦들 때문에 겨우들어왔노,1
1899,잠시 생각 좀 할게요.,0
1900,여기에 처음 왔을 때 나는 이곳 문화에 익숙하지 않았다.,0
1901,",",1
1902,ㅋㅋㅋㅋㅋㅋㅋㅋㅋㅋㅋㅋㅋㅋㅋ아후팔 저새끼 안봐도 앵나게 깝쭉대다가 갓치한테 쳐맞는거 보여서 앵나 웃기놐ㅋㅋㅋㅋㅋㅋㅋㅋㅋㅋ좆팔 ㄹㅇ나련 어릴때보는거같놐ㅋㅋㅋㅋㅋㅋㅋㅋㅋㅋㅋㅋ,1
1903,컴퓨터 게임 좋아하세요? ,0
1904,함께 일하게 되어서 기뻐요. ,0
1905,깔깔 내주위련들 다 비혼주의놐ㅋㅋㅋㅋㅋㅋㅋㅋㅋㅋㅋㅌ,1
1906,후장에 감자튀김 696969696969개 쑤셔서 튀겨 버려야 할 놈들,1
1907,조심해서 운전해라.,0
1908,자기 신체에 대한 권리를 자기가 갖겠다는거에 무슨 사회적 합의가 필요함? 머가리 찢어졌노 사회적으로 이미 낙태는 원죄에 가깜게 몰아가는데 기울어진 운동장에서 멱따는 소리 하네 지들이 하는건 개가 짖는 소리구만 개돼지들 진짜 ,1
1909,머모님을 뵙읍니다 ,1
1910,그럼 거기서 보자.,0
1911,욕심엔 끝이 없다.,0
1912,워추 6969개 주고싶노,1
1913,남편은 점심을 먹고 이웃에 놀러갔어요.,0
1914,하루에 열두 시간 일하고 쉴 시간도 없어요.,0
1915,한남혐 힘조! ,1
1916,이 목걸이가 널 보호해 줄 거야.,0
1917,마 숨통끊기기전엔 no인정이다 이기야노 재기할때 워마드에 인증샷올려라,1
1918,어린이날은 아이들에게 일 년 중 가장 즐거운 시기이다.,0
1919,죽기전에 꼬추 보여주고 가,1
1920,생각해보니 그게 한남들 하던 짓 아니노? 이 후팔챙럼들 편하게 살았었네,1
1921,좆본 사는 웜상인데 내가 다니는 치과 의사느님은 북유럽식으로 3개월에 한번씩 정기검진 하라고 추천하셨노 좆본 치과는 편의점보다 많고 보험제도 잘되어있어서 3개월에 한번씩 스케일링 받아도 전부 충치치료 겸한걸로 치고 보험적용해주니까 노 타격인 부분 ㅇㅇ 근데 개돼지 습관 못버린놈들 왜이렇게 많노? 그렇게 걱정되면 치과가서 진료를 받으라 이기야,1
1922,다리를 꼬고 저기에 앉아 있는 사람이 누구예요?,0
1923,"나련이랑 같게 사노 나련도 저렇게사고 좀 더 편안해졌노
",1
1924,이번엔 제대로 좀 해 보자. ,0
1925,"강간하려다가 고추가 잘렸습니다... 여자가 과실치사로 걸리기했는데,,, 저 남은인생 어떻게 살지요,,,,,쩝,,,,, 같은거 오유, 일베, 이종같은데 올리면 강간괴담같이 떠돌지 않겠노?",1
1926,성대에 살이꼈노. 살은 빼고 휴가간거노?ㅋㅋㅋㅋㅋㅋㅋㅋㅋㅋㅋㅋㅋㅋㅋㅋㅋㅋㅋㅋㅋㅋㅋㅋ,1
1927,크으.. 읽는데 속이 시원하노 ,1
1928,그는 맨손으로 사과를 둘로 나누었다.,0
1929,커피 한 잔 하시겠어요?,0
1930,누가 들으면 군머 보지가 보내는 줄 알겠노 ㅋㅋㅋㅋㅋㅋㅋㅋㅋㅋㅋ일부러 자집애들만 모으면서 군무새 수준나오노,1
1931,나는 비혼비출산 보지라 참-으로 행복하구나-껄껄,1
1932,ㅅㅂ상상된다이기야,1
1933,.,1
1934,워추누르려고 스크롤내리느라 고생했노ㅋㅋㅋㅋ,1
1935,그 사람한테 니 의견을 말하지 그래?,0
1936,그 기사의 대부분은 거짓이야.,0
1937,홍본좌 무죄. 건강챙겨가며 공부해라이니,1
1938,걔는 짧은 머리에 안경을 썼어.,0
1939,워마드 영업할려면 화장실에 스티커나 앵나 붙이고 다녀라 그게 6969배낫노,1
1940,윾쾌하^노^ㅋㅋㅋㅋㅋㅋㅋㅋㅋㅋ,1
1941,하버드도 웜에 먹혔노 ㅋㅋㅋㅋㅋㅋㅋㅋㅋㅋㅋㅋㅋㅋ,1
1942,설현 앵나 멋지노,1
1943,정보글 추천하노 고맙노,1
1944,요즘은 공중전화를 보기가 힘들어.,0
1945,내가 특별히 준비할 거 있어?,0
1946,너희 오빠는 안경을 쓰니? ,0
1947,이것 좀 혜안한테 줄래?,0
1948,큰 가방 두 개하고 작은 것 한 개요.,0
1949,할아버지는 병원에 계세요. ,0
1950,"첨언 하나 한다. 근데 좆새끼들이 ""냄져는 정자주잖아!"" 이러잖아? 그럼 ""니 정자가치 정자은행에 가서 환산해오셈"" 이라고 받아쳐라 ㅋㅋㅋㅋㅋㅋㅋ 몇백원도 안될 한남충 정충가치 ㅋㅋㅋㅋㅋ 몇백원 아니 몇십원 가치도 안되는 정충을 번식시켜 줬으면 황송한줄 알아야지. 인공자궁값은 한남충들 정충값보다 훨 넘사벽임. ",1
1951,그 책 이리 줘봐.,0
1952,"그 차가 나를 쳤을 때, 나는 심한 충격을 받았다.",0
1953,"틀딱이였으면 지가 되려 소리질렀을듯
조신하게 굴면 보지도 화가 누그러뜨려진다 이기야노
한남옆에서는 중동남도 멋져 보이는 효과 ^오^ ",1
1954,상여자놐ㅋㅋㅋㅋㅋㅋㅋㅋㅋㅋㅋㅋㅋㅋㅋㅋ,1
1955,좋은 생각이야.,0
1956,불고기는 외국인들에게 인기가 있어요.,0
1957,내 친구 녀석이 화가 나 내 얼굴을 쳤다.,0
1958,아 진짜 역대 웜영자들이랑 (메갈 똥고충이랑 민이 제외) 현 영자 다 위인으로 업적 써야하노,1
1959,이 넥타이는 니 양복이랑 잘 어울릴 거야.,0
1960,오늘 아주 예쁜 여자를 봤어.,0
1961,늦어서 죄송합니다.,0
1962,ㅇㄱㄹㅇ,1
1963,경찰에 전화는 했어?,0
1964,인터넷에 어떻게 접속하지?,0
1965,몇 분이세요? - 세 사람이요.,0
1966,멋집니다 머모님,1
1967,"한남들이 원하는건 저 무기력 과정에서 여자가 아무잼이나 빨리 먹어버리는(망혼, 출산), 덤으로 그게 자기였으면 더 좋은거고, 근데 한남들이 간과한게있는데 걍 안처먹는단 선택지를 선택해버리면 된단거임, 여기서 한남은 잼이 아니잖아요~초키포키 할것들은 그냥 뒤지시고, 아 그게 잼이든 뭐든 안먹으면 뒤지냐? 오히려 먹는게 개손해인 세상에서? 한남이랑 흉자들은 여자한테 거부권을 뺏으려고 갖은 지랄을 다해왔고 그결과 나랑 섹스안해주면 메갈년이랑 초유의 무논리 사태에 이르렀다. ",1
1968,내 글도 있노 봊나 뿌듯,1
1969,파ㅋㅋㅋㅋㅋ,1
1970,어느 나라에 가고 싶어?,0
1971,무릎이 너무 아파서 걸을 수가 없어.,0
1972,2분 정도 걸릴 겁니다. ,0
1973,ㅋㅋㅋㅋㅋ좆팔 자댕이 돈 뜯어서 치킨파티 앵나오게 웃기노 ㅋㅋㅋㅋㅋㅋㅋㅋㅋㅋㅋㅋㅋ퍄퍄퍄퍄퍄퍄,1
1974,크레이그 리스트 들어가서 봤는데 이 미친 파오후 십새끼들 지들 끠지컬로 팔릴거라 생각하노??? 한남충들 하여간 양심 재기해버린 쀼젤이노..,1
1975,그것은 내게 고통스러운 기억이다.,0
1976,다른 넥타이를 매는 게 어때?,0
1977,육변기ㅋㄱㅋㄱㄱㅋㄱㄱㄱㅋㄱㅋㅋㄱㅋ ㅋ,1
1978,"이상하게 들릴지도 모르지만, 내가 한 말은 사실입니다.",0
1979,여시 바코드 화력지원도 있노 보돕보 오져버려,1
1980,해는 동쪽에서 떠서 서쪽으로 진다.,0
1981,깔깔깔 자지가 똑하고 떨어져 부렸당께?,1
1982,저자는 책 속에 서명을 했다.,0
1983,그 사람이 내 생일에 장미 백 송이를 보냈어.,0
1984,당연하노 절대 내 생에 망혼이란 없노 혐애도 두 번 다시는 없노 이기,1
1985,이 케이크는 맛이 달다.,0
1986,뭘 해도 될련이노 감동이다이기야,1
1987,창남 한 2~3년 좆빠지게 팔면 경기권 올라올 수 있을거같다 1년 반으로 단축되게 이용하고 후기홍보 힘줘줄게 꼭 오픈하고 돈 좀 벌면 경기권으로 올라올거 약속해줘라 ㅛㅛ ,1
1988,그날 밤 너는 뭘 하고 있었어?,0
1989,퍄퍄 보지컬,1
1990,이 가방 정말 무겁다.,0
1991,한국의 약국에서는 약만 팔아요.,0
1992,한국남자 특징=지가한짓을 여자한테 덮어씌움,1
1993,매운 음식도 괜찮아?,0
1994,항상 너와 함께 있을게.,0
1995,개독냄새 나노 ㅋㅋㅋ조팔 개오글,1
1996,사실상 페미니즘 영업사원 아니노 ㅋㅋㅋㅋ ,1
1997,ㅋㅋㅋㅋㅋㅋㅋ,1
1998,아버지는 아침 일찍 서울로 가셨다.,0
1999,과천에 있는 국립박물관 가 봤어?,0
